"MSA_GEOID","Cnt_Name","avg_near_dist","approx_span","Binary5","Chain_pct","white_pct","black_pct","asian_pct","hispanic_pct","young_pct","old_pct","Bachelor_pct","clinton_pct","trump_pct","median_income","pop_density","walkscore"
10180,1891.30626450116,1066.07097604924,1025.03735263087,0.522041763341067,0.522041763341067,0.79092807424594,0.071508120649652,0.01707656612529,0.246403712296984,0.150417633410673,0.143944315545244,0.126682134570766,0.207301990029183,0.743025367183538,45866.060324826,1915.43394545393,32.9352668213457
10420,1520.44529262087,1219.83970210974,820.824511824358,0.418999151823579,0.418999151823579,0.837014418999152,0.0997879558948261,0.0288464800678541,0.0207972858354538,0.112671755725191,0.16440203562341,0.240966921119593,0.491915395540932,0.461486558018603,61193.0568278202,1877.22315044032,25.8506361323155
10500,2335.20375335121,1069.4019882397,1005.94618330294,0.53083109919571,0.53083109919571,0.376219839142091,0.573806970509383,0.0123056300268097,0.0258445040214477,0.104075067024129,0.143994638069705,0.137587131367292,0.588146475987487,0.395410815490431,40240.0053619303,1272.3347089665,25.5300268096515
10540,1292.26553672316,1711.56517155979,885.457507638653,0.282485875706215,0.282485875706215,0.924576271186441,0.00135593220338983,0.0104519774011299,0.0950282485875706,0.0836158192090396,0.179830508474576,0.117909604519774,0.306459578671299,0.570309439874657,44985.5310734463,1662.18230916046,36.6005649717514
10580,1184.27827233762,1585.08750357136,684.01156122096,0.293109132871744,0.293109132871744,0.790046158918562,0.10864490603363,0.0497626112759644,0.05603692713485,0.121226508407517,0.159040553907023,0.249320804484009,0.517996116394031,0.422450875890909,62549.8331684801,3797.30265516123,40.9788658094296
10740,1479.65478841871,1244.40853372519,967.623767414136,0.435634743875278,0.435634743875278,0.729893095768374,0.0276614699331849,0.0208017817371938,0.471621380846325,0.0987305122494432,0.155946547884187,0.223924276169265,0.504401806536213,0.363068225080805,46889.9505567929,3448.24392395527,44.5745211581292
10780,2107.38360655738,1122.77464476615,955.553833222388,0.459016393442623,0.459016393442623,0.592622950819672,0.356360655737705,0.0247868852459016,0.0309180327868852,0.0900655737704918,0.16527868852459,0.149213114754098,0.317995983906505,0.652077226078568,41756.8557377049,1262.33881884468,26.5796721311475
10900,670.08192281652,1643.2773010694,661.544602580963,0.275558564658091,0.275558564658091,0.864773188896412,0.0476371022342586,0.0293906567366283,0.129539607312119,0.0900067704807041,0.181807718348003,0.195274204468517,0.438740050215364,0.518126658987079,63719.8639133378,3018.7864513632,35.2612728503724
11020,1707.16713091922,1284.38093553441,836.980319234867,0.428969359331476,0.428969359331476,0.958579387186629,0.0124233983286908,0.0100557103064067,0.0138440111420613,0.0733704735376045,0.204707520891365,0.158690807799443,0.252218066171555,0.707161055998265,45343.2339832869,2698.00842821317,38.791364902507
11100,697.74378585086,1126.11797260653,1008.11897814043,0.458891013384321,0.458891013384321,0.806156787762906,0.0918929254302103,0.0320841300191205,0.298413001912046,0.120497131931166,0.123671128107075,0.133040152963671,0.218178452565969,0.736053042778777,49315.3460803059,2601.15303376918,42.7239005736138
11180,1698.29655172414,1218.32535292115,963.71756654435,0.458620689655172,0.458620689655172,0.862620689655172,0.0118275862068966,0.0791724137931035,0.0380344827586207,0.31,0.107103448275862,0.237034482758621,0.483589393472653,0.41316134312274,44738.5896551724,2167.14339854134,41.3020689655172
11460,1427.48107569721,1341.16362933041,859.203129374524,0.399402390438247,0.399402390438247,0.723715139442231,0.0970916334661355,0.124681274900398,0.0545119521912351,0.286414342629482,0.114561752988048,0.345607569721116,0.681325499262904,0.268488370859803,62082.780876494,5905.57895282128,50.0557768924303
11500,1959.41064638783,967.378126509821,1036.22212534529,0.574144486692015,0.574144486692015,0.659391634980989,0.290798479087452,0.01,0.0485171102661597,0.124866920152091,0.16680608365019,0.11958174904943,0.180315368065579,0.447520357308206,39201.7376425856,677.913609392956,21.3049429657795
11540,1389.08393632417,1417.29726278428,786.999391996814,0.354558610709117,0.354558610709117,0.899696092619392,0.0173082489146165,0.0353400868306802,0.0455426917510854,0.0984370477568741,0.137149059334298,0.18904486251809,0.397954206963783,0.539345183487713,58814.3444283647,2260.68448424086,32.2960926193922
11700,1282.14248704663,1421.94938058845,792.259393874342,0.367227979274611,0.367227979274611,0.858432642487047,0.0815220207253886,0.0164507772020725,0.064119170984456,0.0766515544041451,0.219825129533679,0.290887305699482,0.474172329903681,0.473991952088566,44778.9015544041,1400.17750203942,31.3465025906736
12020,1222.4118616145,1254.37997695579,815.186156176885,0.42998352553542,0.42998352553542,0.730494233937397,0.193097199341021,0.0375947281713344,0.0784678747940692,0.356079077429984,0.089835255354201,0.198912685337727,0.565746922337159,0.377727331069508,33259.3426688633,2843.9049976729,39.1387149917628
12060,1343.78409825469,1282.25454567186,854.999550193355,0.429411764705882,0.429411764705882,0.549960568842922,0.310210084033613,0.0736108597285068,0.118242404654169,0.106055591467356,0.109197155785391,0.277129282482224,0.555770395279336,0.403701674048831,65426.4615384615,2948.92485348681,30.2750549450549
12100,400.01540436457,1632.71631425585,647.793074292924,0.251604621309371,0.251604621309371,0.653812580231065,0.163607188703466,0.0860462130937099,0.197625160462131,0.0857252888318357,0.165455712451861,0.173838254172015,0.519120654396728,0.448960463531016,56678.9602053915,2872.03651678241,39.4130937098845
12220,1349.10336538462,1057.61672009802,907.520411992441,0.46875,0.46875,0.667596153846154,0.242403846153846,0.0537740384615385,0.0435817307692308,0.313870192307692,0.0925240384615385,0.192475961538462,0.228139742308478,0.371997807795222,35357.1586538462,1909.14326129968,24.7334134615385
12260,1711.85013623978,1081.13211527195,1001.41273203863,0.52724795640327,0.52724795640327,0.578903269754768,0.36224795640327,0.0223705722070845,0.0503269754768392,0.102929155313352,0.162717983651226,0.189271117166213,0.426835207453665,0.435227713793517,49299.9734332425,1375.66958832289,21.4288147138965
12420,926.667472375691,1353.75864834982,855.615867544551,0.373618784530387,0.373618784530387,0.809071132596685,0.0627451657458564,0.0466022099447514,0.294744475138122,0.11205455801105,0.110145027624309,0.305797651933702,0.539297643593784,0.391525381630729,72163.2023480663,3044.39323945575,34.9516574585635
12540,1724.79068396226,1200.80510273963,1166.38113409336,0.461084905660377,0.461084905660377,0.739021226415094,0.0617158018867925,0.0442275943396226,0.482181603773585,0.112777122641509,0.110548349056604,0.0957606132075472,0.404193100510724,0.530727423893055,50374.3213443396,3792.48609811759,38.3120283018868
12580,1232.9954624316,1516.91176950719,753.612852149386,0.331776324569598,0.331776324569598,0.636778326438009,0.249713065527826,0.062717202722541,0.0607473642065928,0.0935286267182704,0.143590017349526,0.314700387027893,0.617981980970717,0.32219178138226,77438.1294541572,6141.70359955574,49.9368343787535
12620,1869.58717948718,1366.08425022769,875.901833566619,0.376923076923077,0.376923076923077,0.939974358974359,0.00984615384615385,0.0138974358974359,0.0129230769230769,0.120717948717949,0.175820512820513,0.223384615384615,0.415683456864821,0.510386729188726,47110.7769230769,1355.87629558623,30.9135897435897
12700,535.277080062794,1797.69955855928,551.439259882838,0.189952904238619,0.189952904238619,0.905863422291994,0.0360832025117739,0.0178649921507064,0.0321978021978022,0.0706200941915228,0.29806907378336,0.334160125588697,0.533432512649045,0.398428351536666,61412.2009419152,704.035992760521,30.707535321821
12940,1825.12347988775,1234.69872982944,911.015969179855,0.449953227315248,0.449953227315248,0.595130963517306,0.348737137511693,0.0240972871842844,0.0432787652011225,0.131721234798877,0.134822263797942,0.200182413470533,0.435860500469758,0.523997231724194,56324.147333957,1687.68153340242,27.2508419083255
12980,2144.70481927711,1320.21670299138,884.401255221096,0.430722891566265,0.430722891566265,0.813463855421687,0.107078313253012,0.0272590361445783,0.0540060240963855,0.0950301204819277,0.164518072289157,0.153493975903614,0.410121897388883,0.53468473056942,47380.686746988,1213.39477434975,26.0490963855422
13020,1917.78846153846,1512.83905242327,769.147553662777,0.353846153846154,0.353846153846154,0.929038461538461,0.0270769230769231,0.00457692307692308,0.0545,0.0856923076923077,0.190461538461538,0.130884615384615,0.408516903561923,0.53472261547464,42498.9538461538,1908.68319378793,28.8011538461538
13140,1934.1495601173,1016.1931354342,976.115434987343,0.516129032258065,0.516129032258065,0.672795698924731,0.260273704789834,0.0312903225806452,0.15713587487781,0.0936070381231672,0.151730205278592,0.124525904203324,0.381211049174764,0.594017887126268,48669.8582600196,1690.53885334185,28.6604105571848
13220,2095.35928143713,916.502406609679,1052.7388423106,0.57185628742515,0.57185628742515,0.877275449101796,0.0844610778443114,0.00910179640718563,0.0136826347305389,0.0709281437125749,0.201407185628743,0.140179640718563,0.236897785974727,0.722890675977808,40253.2185628743,659.103217250088,17.2167664670659
13380,1241.37991266376,1633.67716508563,885.85038808311,0.314410480349345,0.314410480349345,0.8354730713246,0.0132751091703057,0.0437700145560408,0.0858224163027656,0.181499272197962,0.149505094614265,0.237991266375546,0.53238514544861,0.358208560160227,49286.9403202329,2756.36576703257,43.3666666666667
13460,976.615873015873,1633.97511948494,804.664158723751,0.287301587301587,0.287301587301587,0.917174603174603,0.00288888888888889,0.0121746031746032,0.119460317460317,0.0814444444444444,0.170634920634921,0.251222222222222,0.43065434215733,0.463609890723135,53938.3650793651,1783.28185764984,35.5726984126984
13740,1391.17435897436,1492.69688315644,853.806190298812,0.345299145299145,0.345299145299145,0.921333333333333,0.00784615384615385,0.00384615384615385,0.0464102564102564,0.0896239316239316,0.16634188034188,0.20157264957265,0.313348994270294,0.602153324959447,52524.9846153846,2167.93021789916,39.6165811965812
13780,1613.43261455526,1496.85778456965,771.978925930578,0.342318059299191,0.342318059299191,0.839595687331536,0.0665363881401617,0.0475876010781671,0.0448247978436658,0.115539083557951,0.183504043126685,0.186253369272237,0.437936095938555,0.497542572005917,46284.1940700809,2697.57025787256,38.4642857142857
13820,1708.40043843624,1036.82852193332,955.929834488731,0.509682133723054,0.509682133723054,0.646901717208623,0.286360979174278,0.0213445378151261,0.0521556448666423,0.0977639751552795,0.141461454146876,0.244530507855316,0.24710882151092,0.35011464391839,58247.4285714286,1682.44721524746,24.7522104493972
13900,1746.08771929825,1182.07416978828,1014.35221489621,0.47719298245614,0.47719298245614,0.908491228070175,0.0126315789473684,0.0056140350877193,0.024,0.0867719298245614,0.164385964912281,0.211122807017544,0.218595093427514,0.687724244920494,58611.8631578947,2494.44017260392,42.240701754386
13980,1991.90758293839,1019.28341021919,1050.82284505665,0.511848341232227,0.511848341232228,0.870663507109005,0.0556872037914692,0.0431042654028436,0.0233649289099526,0.168838862559242,0.153364928909953,0.243767772511848,0.40671437430044,0.521855371923181,51017.2867298578,816.419242864161,21.6464454976303
14010,2077.03614457831,1025.73118868912,1074.56742444707,0.513253012048193,0.513253012048193,0.815277108433735,0.100939759036145,0.0556626506024096,0.0506024096385542,0.179542168674699,0.134409638554217,0.261084337349398,0.446946965487436,0.45980119775267,59196.6361445783,3041.93443653465,38.5807228915663
14020,1394.84545454545,1321.17067534488,940.441319696411,0.436363636363636,0.436363636363636,0.875545454545455,0.0291590909090909,0.0609772727272727,0.0336136363636364,0.401727272727273,0.0913863636363636,0.204477272727273,0.564330689588658,0.374106425526697,30763.3181818182,5820.95504001681,48.8684090909091
14100,1773.68333333333,1519.4866605482,775.695557116307,0.354166666666667,0.354166666666667,0.949,0.0204166666666667,0.01475,0.0270416666666667,0.143583333333333,0.175875,0.163541666666667,0.317082414647613,0.629160323423951,47621.1333333333,1800.78497147294,37.8891666666667
14260,1484.2533026996,1169.15279119815,1108.23019480947,0.455485353245261,0.455485353245261,0.892693854106835,0.0127570361860999,0.0197874784606548,0.135473865594486,0.102912119471568,0.135835726593912,0.210511200459506,0.340770587252534,0.531082788213677,49783.5370476738,2665.59953552403,41.1060310166571
14460,815.655933704453,1594.26836780967,678.225111389914,0.279921558704453,0.279921558704453,0.765337803643725,0.0711715587044534,0.0886203188259109,0.104616649797571,0.112759994939271,0.147350075910931,0.35087044534413,0.635649169263303,0.297561456919708,82958.1288588057,10833.9906510397,56.9754238360324
14500,596.733746130031,1554.44388565784,783.83347803906,0.314757481940144,0.314757481940145,0.889762641898865,0.0128070175438596,0.0350980392156863,0.146130030959752,0.258328173374613,0.112311661506708,0.369514963880289,0.703361768848495,0.220021791703208,61172.4478844169,5160.96718112172,56.9533539731682
14540,1830.53440366972,972.609820412796,1041.07178612697,0.557339449541284,0.557339449541284,0.788967889908257,0.104610091743119,0.0464678899082569,0.0488532110091743,0.156376146788991,0.13651376146789,0.173463302752294,0.235220073655727,0.478423928431801,40975.0275229358,2105.60243465684,30.6915137614679
14740,1326.95281582953,1659.65962786905,868.269641848785,0.313546423135464,0.313546423135464,0.821217656012177,0.0315372907153729,0.0449923896499239,0.0687823439878234,0.0949619482496195,0.185281582952816,0.213607305936073,0.490455851518211,0.380663197949833,62604.3150684932,2492.27392229277,32.3044140030441
14860,887.144438444924,1689.28230059991,626.808268694752,0.230561555075594,0.230561555075594,0.709343952483801,0.126123110151188,0.0564011879049676,0.210256479481641,0.086889848812095,0.14883909287257,0.320885529157667,0.57899535572841,0.380082343220218,92617.1833153348,5706.04989345683,48.9586123110151
15180,1497.93474088292,1422.11260772148,854.727402006648,0.358925143953935,0.358925143953935,0.939452975047985,0.00568138195777351,0.00612284069097889,0.844779270633397,0.102485604606526,0.152389635316699,0.12725527831094,0.645115333166578,0.32008352274581,36566.1842610365,3028.34876680302,40.9926103646833
15260,1389.75,1290.4567889429,872.038451661127,0.427083333333333,0.427083333333333,0.675541666666667,0.2694375,0.0107708333333333,0.05525,0.0722083333333333,0.205458333333333,0.193458333333333,0.333941783891546,0.639341245124305,47564.3875,721.300067305888,24.6860416666667
15380,1016.59576399395,1604.60002764592,617.388594407999,0.293494704992436,0.293494704992436,0.788647503782148,0.124360060514372,0.0327655068078669,0.0550922844175492,0.0938608169440242,0.167927382753404,0.236889561270802,0.485756417705778,0.466252159285461,55684.9655068079,4179.78575427438,45.6125567322239
15500,1770.90609137056,1136.55733718022,938.396695662399,0.50253807106599,0.50253807106599,0.696446700507614,0.174619289340102,0.0339340101522843,0.124010152284264,0.106776649746193,0.168121827411168,0.193071065989848,0.419256011355172,0.545483929901485,47883.0304568528,1398.29677937174,23.8291878172589
15540,1201.0245398773,1570.21812356468,703.325698975476,0.271472392638037,0.271472392638037,0.902101226993865,0.0333282208588957,0.0267944785276074,0.0323773006134969,0.138021472392638,0.149861963190184,0.30978527607362,0.615103319588767,0.259907254468667,61174.1641104294,2120.88232403512,36.8124233128834
15680,1699.03361344538,1357.61285812736,873.994475085845,0.42436974789916,0.42436974789916,0.777605042016807,0.15390756302521,0.0248739495798319,0.0505042016806723,0.089327731092437,0.117436974789916,0.197941176470588,0.351791661650817,0.575077244091329,85615.9159663866,665.655715832937,13.1651260504202
15940,1900.99568965517,1196.84133472968,869.7558675063,0.439655172413793,0.439655172413793,0.881551724137931,0.0714116379310345,0.00951508620689655,0.0170150862068966,0.0883297413793104,0.199859913793103,0.154752155172414,0.380443027270013,0.569809665963904,49587.8997844828,1906.64548969044,31.3487068965517
15980,1418.17347453353,1473.74610506402,871.712814528032,0.373171961674231,0.373171961674231,0.873398890569844,0.0678769541099344,0.0145133635905194,0.168391326273323,0.0746696923852748,0.320867372667675,0.235748865355522,0.382659203911513,0.58682192628538,53618.366616238,2142.74545736353,24.8221886031266
16020,1934.95416666667,1047.56905271084,1054.50445178132,0.5375,0.5375,0.869333333333333,0.09225,0.0145,0.0265416666666667,0.163708333333333,0.171,0.186916666666667,0.234732063029966,0.725299674509091,44345.2208333333,1743.53738857803,28.9920833333333
16060,1894.87601078167,1192.32234587422,963.417989014238,0.444743935309973,0.444743935309973,0.785768194070081,0.149353099730458,0.023288409703504,0.038733153638814,0.167843665768194,0.147250673854447,0.171428571428571,0.369494697905631,0.560147614718584,37198.9946091644,1380.76250947843,30.3037735849057
16180,1283.71794871795,1396.62862110264,1157.52092363031,0.425641025641026,0.425641025641025,0.821948717948718,0.0211794871794872,0.0240512820512821,0.196307692307692,0.0791794871794872,0.214461538461538,0.206871794871795,0.384154141349536,0.524664214902462,57190.0615384615,2462.35392888293,32.6384615384615
16220,1843.63436123348,1213.37114492421,1125.7812742903,0.493392070484582,0.493392070484581,0.901321585903084,0.027136563876652,0.00876651982378855,0.0980616740088106,0.0881057268722467,0.128590308370044,0.130088105726872,0.197223221782416,0.706249250329855,56528.9339207048,2108.01727026933,36.7506607929515
16300,1539.12569060773,1301.05868410104,862.364321367813,0.417127071823204,0.417127071823204,0.867596685082873,0.0625552486187845,0.0250552486187845,0.0354972375690608,0.124419889502762,0.146077348066298,0.173301104972376,0.481921211548838,0.43746959689843,53996.1243093923,2070.0284141319,39.3812154696133
16540,1629.1975308642,1239.56324898142,929.157765647564,0.407407407407407,0.407407407407407,0.888302469135802,0.0684567901234568,0.00953703703703704,0.0895061728395062,0.0755555555555556,0.183703703703704,0.147376543209877,0.250462491574766,0.713714130013911,53191.7222222222,1753.07757090655,32.4984567901235
16580,1527.15482954545,1141.19589720174,939.223336511066,0.461647727272727,0.461647727272727,0.702372159090909,0.143210227272727,0.116079545454545,0.0587642045454545,0.288508522727273,0.104275568181818,0.250127840909091,0.536014968860763,0.375673204564843,45190.5482954545,6791.1217091759,46.7208806818182
16620,1739.07537012113,972.976087179101,1099.88688018841,0.567967698519515,0.567967698519516,0.85043068640646,0.0942126514131898,0.0107671601615074,0.0128532974427995,0.0853028263795424,0.192489905787349,0.178263795423957,0.341461190461812,0.612318389774288,40192.2812920592,1401.89421816884,28.471736204576
16700,1186.61553784861,1326.10448330907,847.852423114296,0.390438247011952,0.390438247011952,0.67054780876494,0.276269920318725,0.0138147410358566,0.0489442231075697,0.11871015936255,0.147943227091633,0.263032868525896,0.313918992759297,0.310068625631899,57305.5996015936,2614.66306182203,33.842828685259
16740,1422.39880444065,1201.54068452047,923.212456991493,0.452092228864219,0.452092228864219,0.672092228864219,0.227009393680615,0.0376242527754056,0.10130999146029,0.0976464560204953,0.12469684030743,0.258397950469684,0.460739029380323,0.457446728764237,63047.298206661,2054.78476620848,27.3981895815542
16820,1137.84788732394,1500.88707399131,776.472374195357,0.311267605633803,0.311267605633803,0.786605633802817,0.120225352112676,0.0533380281690141,0.0492112676056338,0.141028169014085,0.153845070422535,0.358239436619718,0.666788609345367,0.262079676920312,64156.4507042254,3630.63749660122,42.5853521126761
16860,1303.95089285714,1193.81071171846,870.617888089496,0.44047619047619,0.44047619047619,0.787723214285714,0.158921130952381,0.0197172619047619,0.0447767857142857,0.0989285714285714,0.160699404761905,0.191875,0.333534210816728,0.614255648323228,48178.540922619,1429.7488470873,25.8256696428571
16940,2280.52631578947,1062.35296081971,1149.62326802993,0.545454545454545,0.545454545454545,0.913732057416268,0.0140191387559809,0.00913875598086124,0.122918660287081,0.0937799043062201,0.158086124401914,0.213636363636364,0.282481876540799,0.606482950523567,58405.2440191388,1584.93006288868,32.3038277511962
16980,1211.27479131886,1480.02925413468,754.312070880005,0.335373771099981,0.335373771099981,0.687566685216101,0.133669449081803,0.0823483583750696,0.196680022259321,0.0966228900018549,0.134096086069375,0.303716193656093,0.6536221698754,0.283987949892576,74019.7742162864,10576.8681321567,57.4351660174365
17020,1154.61904761905,1444.8623996778,897.39754395738,0.324514991181658,0.324514991181658,0.81010582010582,0.0198059964726631,0.0382186948853616,0.176984126984127,0.185044091710758,0.13663139329806,0.166190476190476,0.428516937795097,0.465392466134719,41814.3051146384,3010.36435497326,47.4742504409171
17140,1517.09177954227,1112.87553023795,939.284093804688,0.495095749649696,0.495095749649696,0.854871555347968,0.0806235404016815,0.0302732368052312,0.0363615133115367,0.102034096216721,0.147666978047641,0.224684726763195,0.358126062027955,0.571363596993037,60612.8946753853,2600.47280504398,31.2776272769734
17300,1936.32049306626,993.564832896979,1090.41173557895,0.560862865947612,0.560862865947612,0.700924499229584,0.224761171032357,0.016517719568567,0.0745300462249615,0.134437596302003,0.102496147919877,0.140123266563945,0.354282329183087,0.590895059511592,46903.6194144838,1392.73702869523,19.4651771956857
17420,2165.18215613383,1048.28722338683,986.780082352215,0.520446096654275,0.520446096654275,0.894275092936803,0.0595167286245353,0.0101115241635688,0.079182156133829,0.107583643122677,0.174052044609665,0.139293680297398,0.184212524336803,0.771640862913169,44296.9851301115,1249.79659085506,23.0762081784387
17460,1326.43849631216,1408.72957126525,797.384492772393,0.384963121579824,0.384963121579824,0.730402093742565,0.195534142279324,0.0353342850344992,0.0444729954794195,0.104977397097311,0.174865572210326,0.238222698072805,0.550805141118729,0.408567344239586,57111.952652867,3125.90829548248,38.1452058053771
17660,1252.83711340206,1488.77559855014,947.950870270906,0.336082474226804,0.336082474226804,0.938536082474227,0.00428865979381443,0.00931958762886598,0.0417938144329897,0.112061855670103,0.181051546391753,0.151835051546392,0.245427657391199,0.670746061447456,48913.7690721649,1996.92692404078,35.2072164948454
17780,1470.06146926537,1164.82462819517,917.496892199327,0.466266866566717,0.466266866566717,0.723478260869565,0.124857571214393,0.057976011994003,0.254527736131934,0.265547226386807,0.0918740629685157,0.174602698650675,0.331260201107005,0.598412010563901,41086.047976012,3149.59030412149,34.4884557721139
17820,1548.80711271851,1234.17088515588,1016.99801243784,0.451476793248945,0.451476793248945,0.803604581072936,0.0538517179023508,0.0230681133212779,0.168812537673297,0.101151295961423,0.144593128390597,0.238704038577456,0.334430531680471,0.567201885708941,59914.6389391199,3110.8964857802,36.5522001205546
17860,1424.25943396226,1072.51416980076,936.21723104123,0.45125786163522,0.45125786163522,0.786132075471698,0.105172955974843,0.0467452830188679,0.0246383647798742,0.272248427672956,0.108883647798742,0.233852201257862,0.452992162880225,0.472316716243824,40547.0377358491,2311.46344787824,36.587893081761
17900,1509.39447513812,1061.74756717963,980.597330811202,0.521546961325967,0.521546961325967,0.616823204419889,0.307209944751381,0.0274585635359116,0.0573425414364641,0.142309392265193,0.141828729281768,0.234685082872928,0.32427479068459,0.316453522031312,53536.1723756906,1789.67550303562,25.9217127071823
17980,1223.23170731707,1206.54274014774,933.475514315937,0.481029810298103,0.481029810298103,0.535948509485095,0.371869918699187,0.0217208672086721,0.0690108401084011,0.10819783197832,0.134430894308943,0.170691056910569,0.505153665726167,0.405426310163288,45001.4485094851,1718.24161691827,27.8875338753388
18020,1702.10599078341,1205.65894880059,969.85877620333,0.483870967741935,0.483870967741936,0.845529953917051,0.0256221198156682,0.0682488479262673,0.0653456221198157,0.0952073732718894,0.149400921658986,0.228248847926267,0.303818962057362,0.637183168163996,56940.7511520737,1582.26437491479,29.9861751152074
18140,1576.85688005887,1189.42707174334,885.658241937542,0.458793230316409,0.458793230316409,0.757709713024283,0.144140912435614,0.04813097866078,0.044836276674025,0.120312729948492,0.120901398086829,0.279740618101545,0.523514522026397,0.424399558263194,60942.1760485651,3648.46106067475,38.3378403237675
18580,1297.48313492063,1311.77435844934,878.13201677,0.39781746031746,0.39781746031746,0.895803571428571,0.0393948412698413,0.0182638888888889,0.569077380952381,0.093452380952381,0.146775793650794,0.126845238095238,0.454116803323349,0.504564849785212,51289.3819444444,2946.89171767885,38.4087301587302
18700,1518.57046979866,1494.6259777318,1098.79828793495,0.38255033557047,0.38255033557047,0.833892617449664,0.00818791946308725,0.0861073825503356,0.0928187919463087,0.399261744966443,0.0946308724832215,0.225436241610738,0.598793920374131,0.275777900847127,37455.3020134228,5363.42703529331,57.4053691275168
18880,926.208,1412.2130531217,825.679419296788,0.360888888888889,0.360888888888889,0.826755555555556,0.0672,0.0273688888888889,0.0770933333333333,0.0799466666666667,0.185644444444444,0.265431111111111,0.223374487878827,0.721826457065393,64279.8204444444,1568.68695009432,26.6418666666667
19060,2054.7037037037,1276.60795116448,946.316441618121,0.432098765432099,0.432098765432099,0.899876543209877,0.0644444444444444,0.00954732510288066,0.0193004115226337,0.127530864197531,0.198024691358025,0.136625514403292,0.242481841083891,0.710252624362268,43666.6172839506,1488.8924999764,32.0921810699588
19100,1203.01483840895,1239.26279295547,907.075512844189,0.435752019888129,0.435752019888129,0.700974207582349,0.149053760099441,0.0652113113735239,0.274892013673089,0.101308266003729,0.10972110006215,0.244157862026103,0.473332264086942,0.478726470947691,68368.7776569298,3901.12763189431,38.9018645121193
19140,1838.26100628931,963.848734773567,1053.75368102398,0.534591194968553,0.534591194968554,0.871540880503145,0.044748427672956,0.0111320754716981,0.402295597484277,0.0969182389937107,0.129433962264151,0.0876100628930818,0.237302926722526,0.72656314508966,40684.5094339623,1408.98174254297,25.9896226415094
19180,2003.45355191257,1168.44874136747,994.57646610627,0.469945355191257,0.469945355191257,0.81655737704918,0.145355191256831,0.0101092896174863,0.0488524590163934,0.0884699453551913,0.181366120218579,0.0915846994535519,0.32613215515561,0.620070170879085,41438.9945355191,934.83287365678,26.7737704918033
19300,1431.88711819389,1355.72422576246,817.1220192193,0.409030544488712,0.409030544488712,0.881792828685259,0.0807171314741036,0.00707835325365206,0.0342895086321381,0.0715537848605578,0.217569721115538,0.235524568393094,0.125628722137145,0.496055810787817,52989.4422310757,566.110949174156,16.507171314741
19340,1493.68122270742,1248.05249403264,904.571229292817,0.421834061135371,0.421834061135371,0.843589519650655,0.0926986899563319,0.0188471615720524,0.110943231441048,0.0896331877729258,0.170296943231441,0.176768558951965,0.467190874093362,0.45776256803665,52500.3475982533,2236.20083711954,37.8696943231441
19430,1704.60942408377,1055.74342280982,947.400630663076,0.529319371727749,0.529319371727749,0.794397905759162,0.134392670157068,0.0290157068062827,0.0278534031413613,0.101973821989529,0.160958115183246,0.206890052356021,0.418515634086078,0.532383417310215,52590.1287958115,2183.88624838841,31.689109947644
19460,1811.83381088825,1155.69054895546,902.021511612365,0.487106017191977,0.487106017191977,0.773810888252149,0.157449856733524,0.00467048710601719,0.0848137535816619,0.083323782234957,0.167994269340974,0.143638968481375,0.149166254098389,0.487065283884141,44153.770773639,1253.19597461183,23.3358166189112
19500,2103.27645051195,1141.97199300715,969.492458601132,0.47098976109215,0.47098976109215,0.702901023890785,0.20778156996587,0.0146075085324232,0.0261092150170648,0.0972696245733788,0.16679180887372,0.143617747440273,0.381668747399084,0.559009571369122,44953.4300341297,1895.14100099952,31.4750853242321
19660,1234.46838551258,1429.04829130978,878.339119765074,0.38121546961326,0.38121546961326,0.817292817679558,0.120982197667281,0.0192019643953346,0.0988704726826274,0.0951933701657459,0.255702885205648,0.182793124616329,0.409822760708973,0.548508703788299,42225.4278698588,2107.3094039267,29.4302639656231
19740,1181.42778014487,1342.78330763377,946.019088643432,0.396534583155802,0.396534583155802,0.81953415707996,0.0547890924584576,0.042003976707854,0.213154381479903,0.0907683567675046,0.120117880982815,0.337327084220991,0.581972624755706,0.335047764663285,72102.4138616674,5621.34743791456,50.7631870472944
19780,1560.16992733371,1120.31425397888,971.486215353927,0.480156512017887,0.480156512017887,0.850922302962549,0.0596813862493013,0.0455617663499162,0.0745108999441029,0.0929178311906093,0.129228619340414,0.246769144773617,0.485970858565414,0.4354733675395,63655.5684740078,2530.73815617266,40.185410844047
19820,1392.82447836167,1376.23633511282,807.979828145874,0.396541731066461,0.396541731066461,0.70629057187017,0.202619783616692,0.0504897604327666,0.043068972179289,0.0919387557959815,0.155971792890263,0.222828438948995,0.542598743776242,0.413453550111535,59457.906877898,3652.76908421116,40.8436727202473
20020,1914.50454545455,1004.57654234312,977.047145126325,0.477272727272727,0.477272727272727,0.651159090909091,0.312681818181818,0.00713636363636364,0.0287045454545455,0.0810909090909091,0.174727272727273,0.155454545454545,0.167472274938342,0.516857494704197,45103.3477272727,891.304515351267,24.0829545454545
20100,1471.88764044944,1232.30513229542,950.475914523154,0.469662921348315,0.469662921348315,0.582966292134831,0.325977528089888,0.0189213483146067,0.0760224719101124,0.135123595505618,0.153505617977528,0.153505617977528,0.44808382422642,0.491587108131898,51670.7056179775,1347.79792389103,29.3842696629213
20220,1322.63777089783,1292.58200716815,882.272765253401,0.408668730650155,0.408668730650155,0.851176470588235,0.083405572755418,0.0181114551083591,0.0377708978328173,0.123529411764706,0.147739938080495,0.154829721362229,0.459564369180025,0.47183282717564,47605.2291021672,2317.46647670485,49.6303405572755
20260,1324.78142695357,1532.22727206283,733.213295265173,0.312570781426954,0.312570781426954,0.905458663646659,0.022480181200453,0.0112570781426954,0.0169762174405436,0.106024915062288,0.189932049830125,0.166613816534541,0.505449526452526,0.410302034130513,45458.523216308,1398.04176444528,31.7524348810872
20500,1390.28284182306,1315.75028282239,885.286399075005,0.408847184986595,0.408847184986595,0.623612600536193,0.258619302949062,0.0537533512064343,0.10911528150134,0.140743967828418,0.125348525469169,0.326957104557641,0.6994442510954,0.258674127952633,55781.4557640751,2254.39376653422,33.0896782841823
20700,1033.30360934183,1472.46847607879,662.300321590072,0.301486199575372,0.301486199575372,0.768025477707006,0.138450106157113,0.0261783439490446,0.140339702760085,0.126645435244161,0.154755838641189,0.172929936305732,0.484086432791939,0.476493591756344,57426.7940552017,1045.04281230661,18.0575371549894
20740,1485.08720930233,1468.14005074636,762.768171787259,0.35077519379845,0.35077519379845,0.927596899224806,0.0111821705426357,0.0243023255813953,0.0239341085271318,0.145581395348837,0.155329457364341,0.162073643410853,0.446071131411329,0.485295921298338,49763.4379844961,1563.69058523273,26.753488372093
20940,1530.35666666667,1169.16000184886,1093.58373840153,0.47,0.47,0.657633333333333,0.0204333333333333,0.0135,0.8359,0.103533333333333,0.133833333333333,0.0875333333333333,0.679274708365391,0.264165852238465,46209.2833333333,3518.32000561381,39.449
21060,1877.04416403785,902.705300345731,1120.79796394189,0.596214511041009,0.596214511041009,0.812018927444795,0.10589905362776,0.0170347003154574,0.0538801261829653,0.0881072555205047,0.140473186119874,0.143249211356467,0.301292144994401,0.648610470125548,49234.7003154574,955.965945743816,18.0712933753943
21140,2438.65292841649,1126.65668644436,1012.05496219731,0.483731019522777,0.483731019522777,0.880672451193059,0.0534924078091106,0.0107809110629067,0.141453362255965,0.0902819956616052,0.150433839479393,0.128026030368764,0.20055893473615,0.404860217965207,50463.0281995662,1576.87820761714,26.5130151843818
21300,1717.18257261411,1432.36119471739,756.277146519157,0.352697095435685,0.352697095435685,0.878672199170125,0.0590871369294606,0.0167219917012448,0.0255601659751037,0.0824896265560166,0.165145228215768,0.167717842323651,0.381873698820264,0.557862595419847,47437.3485477178,1842.74650664496,33.2058091286307
21340,985.372173913044,1359.73706860412,972.756102227814,0.393913043478261,0.393913043478261,0.783608695652174,0.0320086956521739,0.0141826086956522,0.821139130434783,0.122773913043478,0.118608695652174,0.143739130434783,0.688888530753347,0.261328463300778,44143.7791304348,3745.89273351674,41.0660869565217
21420,1758.0625,1210.8446649658,932.99121558921,0.46875,0.46875,0.8649375,0.02525,0.0048125,0.117375,0.09975,0.14675,0.137,0.202533394748964,0.737402118839245,50779.96875,1605.70615254203,31.160625
21500,1760.7014084507,1388.70895294862,859.32894304626,0.395774647887324,0.395774647887324,0.859788732394366,0.0776619718309859,0.0171549295774648,0.0393661971830986,0.107971830985915,0.183239436619718,0.180830985915493,0.464758431504275,0.480409798699585,44888.2408450704,3030.54252403596,40.7274647887324
21660,1544.57636887608,1500.48168199519,1013.30994798014,0.335734870317003,0.335734870317003,0.860605187319885,0.0169020172910663,0.0340345821325648,0.0922478386167147,0.181210374639769,0.165576368876081,0.184308357348703,0.535311278978901,0.349783797864027,39486.946685879,4101.37309931938,46.9389048991354
21780,1813.12470023981,1064.70989642793,1018.11692712682,0.49400479616307,0.49400479616307,0.875767386091127,0.0778896882494005,0.0124220623501199,0.0206474820143885,0.0903717026378897,0.177218225419664,0.163681055155875,0.358143408935673,0.566317511323472,45032.190647482,1835.18877683182,31.7131894484412
22020,1690.795,1020.31055251746,1040.19368641454,0.481666666666667,0.481666666666667,0.838916666666667,0.0714,0.0379333333333333,0.0363166666666667,0.17425,0.105883333333333,0.208333333333333,0.398136467632259,0.486570576638854,50346.4666666667,2996.80463205993,42.8425
22140,2113.03238866397,962.861077750812,1160.73610683477,0.538461538461538,0.538461538461538,0.629716599190283,0.00425101214574899,0.00623481781376518,0.267854251012146,0.102914979757085,0.129311740890688,0.102672064777328,0.279006723053568,0.606072435480373,50874.95951417,1447.88949256004,34.4704453441296
22180,1951.32511848341,1008.09466942316,1058.42206841651,0.530805687203792,0.530805687203792,0.515184834123223,0.362995260663507,0.0254881516587678,0.112720379146919,0.11757345971564,0.129990521327014,0.149971563981043,0.517488912514688,0.445741376599513,43373.5393364929,1436.22107581988,23.0436018957346
22220,1359.76995305164,1113.22549205093,935.180815859142,0.466353677621283,0.466353677621283,0.815508607198748,0.0320500782472613,0.0423161189358372,0.163356807511737,0.170125195618153,0.108043818466354,0.201439749608764,0.291394664917663,0.440325341029266,50086.2425665102,1863.11458568509,27.7630672926448
22380,1288.38579654511,1633.87902537918,810.251149697592,0.314779270633397,0.314779270633397,0.795297504798465,0.0154126679462572,0.0200383877159309,0.176238003838772,0.213589251439539,0.134721689059501,0.263685220729367,0.542017931219055,0.353071055800883,49906.2994241843,2003.93729038939,37.2222648752399
22420,1829.44350580781,1289.76421930563,868.076171140546,0.446673706441394,0.446673706441394,0.76259767687434,0.187127771911299,0.00891235480464625,0.034012671594509,0.0920168954593453,0.167645195353749,0.133980992608237,0.52344928067816,0.428816685006317,44007.1488912355,1826.88395226855,26.759767687434
22500,1835.73236514523,1117.13440444804,962.457091606951,0.516597510373444,0.516597510373444,0.505663900414938,0.453319502074689,0.0146680497925311,0.0213900414937759,0.0892946058091286,0.165311203319502,0.178112033195021,0.296265646307854,0.326069232331706,43311.1618257261,1027.16238197422,25.5958506224066
22520,1595.96163682864,1273.28317629236,904.712937367399,0.447570332480818,0.447570332480818,0.81923273657289,0.150997442455243,0.00480818414322251,0.0259590792838875,0.143145780051151,0.182378516624041,0.142736572890026,0.184684982477572,0.47823740682321,42620.6598465473,1068.79815031461,26.0647058823529
22540,1161.38405797101,1579.49937622825,639.008820529954,0.260869565217391,0.260869565217391,0.911413043478261,0.0184420289855072,0.0223550724637681,0.0543478260869565,0.0969927536231884,0.161847826086957,0.153623188405797,0.338827517680753,0.604827868373371,56998.768115942,1680.84812923678,29.1880434782609
22660,977.460839954597,1356.68800878896,908.119886721829,0.388195232690125,0.388195232690125,0.917900113507378,0.0093416572077185,0.0167650397275823,0.119421112372304,0.19205448354143,0.148853575482406,0.308274687854711,0.475112383343283,0.42570453258224,55537.6015891033,3147.33639192469,39.4615209988649
22900,1894.98519736842,970.06368567597,1020.99873404564,0.539473684210526,0.539473684210526,0.78375,0.0584375,0.0339144736842105,0.0982072368421053,0.100098684210526,0.164884868421053,0.120411184210526,0.247937286259572,0.689452832130457,40481.0246710526,1153.76037604533,26.7986842105263
23060,2050.19653767821,1117.9818386364,994.166686121996,0.477596741344195,0.477596741344196,0.800213849287169,0.111354378818737,0.034847250509165,0.0742158859470468,0.100763747454175,0.135346232179226,0.152668024439919,0.36353055493453,0.575110278543815,46909.5967413442,2214.08759437224,31.5093686354379
23420,1088.65265957447,1529.03742705535,942.926809864926,0.31968085106383,0.31968085106383,0.708356382978723,0.0366595744680851,0.0578510638297872,0.476952127659574,0.103563829787234,0.132840425531915,0.12881914893617,0.492370986058761,0.432133128035059,53108.9819148936,3062.85572454351,37.4621276595745
23460,1989.88537549407,950.441138039089,998.011164864769,0.553359683794466,0.553359683794466,0.748656126482213,0.205573122529644,0.0210671936758893,0.0688537549407115,0.09300395256917,0.176442687747036,0.120592885375494,0.155282920663246,0.481121272957097,39624.4308300395,1046.42993704617,23.8300395256917
23540,1516.86075949367,1207.61437454611,890.262897103619,0.431434599156118,0.431434599156118,0.729388185654008,0.175717299578059,0.0517616033755274,0.094662447257384,0.25629746835443,0.127827004219409,0.236909282700422,0.54362650288395,0.402065968583393,42528.7700421941,2538.74706895173,32.5086497890295
23580,1668.41590909091,1094.25401460699,949.186307671744,0.509090909090909,0.509090909090909,0.804954545454545,0.0901818181818182,0.0146818181818182,0.390522727272727,0.0984772727272727,0.122204545454545,0.134136363636364,0.228873737516621,0.731787704755708,48756.6522727273,1698.12024023767,22.3252272727273
23900,1606.41841004184,1588.03211463016,718.810402455054,0.301255230125523,0.301255230125523,0.885062761506276,0.0286192468619247,0.00924686192468619,0.0878242677824268,0.11,0.188451882845188,0.163389121338912,0.296290893936237,0.654782246301313,55776.0083682008,1697.22515106939,30.8305439330544
24020,1050.98248686515,1668.0596181586,662.8692833955,0.262697022767075,0.262697022767075,0.957320490367776,0.0129772329246935,0.00984238178633975,0.021260945709282,0.0851488616462347,0.204868651488616,0.196672504378284,0.409107639771987,0.520950335641186,57027.054290718,1053.44849098979,23.1134851138354
24140,1859.86759581882,1099.61147967447,1005.93693463107,0.48780487804878,0.487804878048781,0.556411149825784,0.368048780487805,0.0218118466898955,0.0810104529616725,0.125226480836237,0.173205574912892,0.147212543554007,0.429481741600742,0.543313144863777,39839.7212543554,695.515404529907,20.8296167247387
24220,1831.05882352941,1336.29539697273,941.774861636967,0.444852941176471,0.444852941176471,0.890551470588235,0.0239338235294118,0.019375,0.0486397058823529,0.166397058823529,0.142095588235294,0.179080882352941,0.344341969856439,0.56111499729984,51620.5625,2186.84873396598,37.8977941176471
24260,2182.04166666667,1115.61790884939,1060.47806296862,0.5,0.5,0.897546296296296,0.017962962962963,0.0126851851851852,0.204768518518519,0.0843518518518519,0.161203703703704,0.124768518518519,0.261136788848987,0.676589311727805,53716.7962962963,1584.37590948787,36.3472222222222
24300,1733.14043583535,1167.13812063043,1019.44022667812,0.447941888619855,0.447941888619855,0.908232445520581,0.015181598062954,0.0104358353510896,0.171985472154964,0.143099273607748,0.149152542372881,0.179491525423729,0.279818167769851,0.641035877095835,46232.2615012107,2193.99071498791,35.6525423728814
24340,1826.88667232598,1247.18748350917,958.736562349594,0.436332767402377,0.436332767402377,0.827495755517827,0.0757470288624788,0.0295797962648557,0.103518675721562,0.125432937181664,0.127559422750424,0.215704584040747,0.40503980964123,0.526704863151253,56121.2071307301,2578.98678826348,34.1091680814941
24420,1034.93939393939,1592.77539517887,952.454292307322,0.295454545454545,0.295454545454546,0.888484848484848,0.00787878787878788,0.00356060606060606,0.0853030303030303,0.079469696969697,0.216515151515152,0.117045454545455,0.301907540394973,0.604196588868941,37971.5,1904.74880011451,34.5984848484849
24500,1479.07407407407,1290.95244191883,945.951433666775,0.411522633744856,0.411522633744856,0.868353909465021,0.0104938271604938,0.00662551440329218,0.0437860082304527,0.0890946502057613,0.176666666666667,0.175802469135802,0.352173787278355,0.567874808365393,45794.2469135802,2188.54080883967,40.9958847736626
24540,1794.42211055276,1223.09249764318,1007.19076396875,0.455611390284757,0.455611390284757,0.887906197654941,0.011892797319933,0.012964824120603,0.306482412060302,0.114438860971524,0.124103852596315,0.163835845896147,0.343491102414532,0.565982426345714,62223.135678392,2748.91105819986,30.6644891122278
24580,1610.43246187364,1568.45167449293,738.02601072346,0.31917211328976,0.31917211328976,0.862538126361656,0.0270588235294118,0.0233551198257081,0.0790196078431373,0.0983115468409586,0.154727668845316,0.160882352941176,0.390227171187583,0.549259370107655,53010.0196078431,1901.87614190971,29.1728758169935
24660,1579.12513484358,1218.60680190529,892.93919128806,0.441747572815534,0.441747572815534,0.615242718446602,0.270690399137001,0.0424649406688242,0.0990399137001079,0.11608953613808,0.150949298813376,0.207740021574973,0.498338988221774,0.464921731270109,46104.3052858684,1989.23992133568,29.9901833872708
24780,1610.52127659574,995.400599376377,970.646644256348,0.527659574468085,0.527659574468085,0.539872340425532,0.390085106382979,0.021468085106383,0.0511063829787234,0.229872340425532,0.112106382978723,0.190234042553191,0.519378593515219,0.443217802724552,39404.6,2375.02825728482,29.7921276595745
24860,1404.63958238765,1216.06670297843,886.694550082079,0.448479346345892,0.448479346345892,0.753495233772129,0.184017249205629,0.0219655015887426,0.0731547889241943,0.121343622333182,0.156364049024058,0.218520199727644,0.209709352289258,0.432121008497459,50232.5923740354,1524.98346407963,27.1042215161144
25060,1813.0015936255,1366.37445382022,877.425052599813,0.407171314741036,0.407171314741036,0.681649402390438,0.237410358565737,0.0284860557768924,0.0639760956175299,0.0870199203187251,0.164390438247012,0.154980079681275,0.302633302361773,0.670035822344134,43119.390438247,1329.59172397121,25.7877290836653
25180,1785.13636363636,1250.71845832641,975.87287650526,0.462121212121212,0.462121212121212,0.816848484848485,0.1115,0.0162121212121212,0.0503333333333333,0.0791212121212121,0.155878787878788,0.127757575757576,0.301804529721246,0.642240839603899,50121.5242424242,1874.13246927349,32.4686363636364
25220,2055.54941860465,1243.5717530112,926.411676194709,0.465116279069767,0.465116279069767,0.582412790697674,0.387005813953488,0.00758720930232558,0.0406686046511628,0.137994186046512,0.1325,0.127151162790698,0.322000915750916,0.647874694749695,40843.398255814,979.532749791009,22.5779069767442
25260,1709.88764044944,1239.23588156703,1153.61540614902,0.453183520599251,0.453183520599251,0.700674157303371,0.0422846441947566,0.0517228464419476,0.526367041198502,0.101947565543071,0.116367041198502,0.0924344569288389,0.396881375692218,0.527338968230836,50374.4531835206,3306.09245030232,41.5310861423221
25420,1093.15638207946,1502.91759467868,753.734477708749,0.344040574809806,0.344040574809806,0.779636517328825,0.133617920540997,0.0409467455621302,0.0531022823330516,0.101606086221471,0.167041420118343,0.225739644970414,0.428544485122479,0.519522593916141,55717.3609467456,2973.0615524404,38.8567202028741
25500,1609.21813031161,1307.61020132784,922.359180440292,0.427762039660057,0.427762039660057,0.858073654390935,0.0489801699716714,0.0326628895184136,0.152379603399433,0.245835694050992,0.119263456090652,0.185382436260623,0.471251795036028,0.452685018091501,47730.5892351275,2581.54379737879,32.5410764872521
25540,1353.04843918192,1462.61649767173,780.264559517028,0.328310010764263,0.328310010764263,0.737814854682454,0.115694294940797,0.0601399354144241,0.154486006458558,0.0976614639397201,0.165807319698601,0.274873519913886,0.570800119882374,0.382223329491324,71565.9243810549,3343.39365356514,37.1785522066738
25620,1935.83054393305,1072.52511716867,946.084788668446,0.502092050209205,0.502092050209205,0.610083682008368,0.350313807531381,0.0110460251046025,0.0327196652719665,0.162468619246862,0.131276150627615,0.185,0.333811971686686,0.638699803263904,41770.6506276151,1206.50133193946,22.2537656903766
25860,1593.26552462527,1184.18142177188,899.869008132831,0.45610278372591,0.45610278372591,0.778693790149893,0.100406852248394,0.0258672376873662,0.104132762312634,0.0829229122055675,0.185546038543897,0.148972162740899,0.275402109857373,0.687245027619268,44293.8618843683,880.671101349896,20.7038543897216
25940,1028.13811420983,1441.95035159944,763.068928474924,0.335989375830013,0.335989375830013,0.756387782204515,0.167768924302789,0.0129349269588313,0.137556440903054,0.0729216467463479,0.244236387782205,0.294302788844622,0.284160464411648,0.360585894360018,60413.8154050465,929.021494150929,16.9634794156707
25980,2199.88823529412,1006.86228437155,1102.07688700893,0.541176470588235,0.541176470588236,0.497058823529412,0.389,0.0291764705882353,0.114588235294118,0.135705882352941,0.0963529411764706,0.129294117647059,0.576569849149851,0.395147417732949,46869.0882352941,961.594407838354,14.8788235294118
26140,1451.84,1568.53770745955,802.487113039131,0.335384615384615,0.335384615384615,0.931630769230769,0.0260615384615385,0.0189230769230769,0.0504307692307692,0.0591384615384615,0.365938461538462,0.154861538461538,0.283402974680396,0.677212356364722,39509.4646153846,407.343335496323,9.47261538461538
26300,1544.38461538462,1345.2938680025,879.752447910895,0.398860398860399,0.398860398860399,0.79991452991453,0.133390313390313,0.0101139601139601,0.0582336182336182,0.0856125356125356,0.228005698005698,0.138860398860399,0.179706886988001,0.38079876215222,35691.9373219373,943.34153289104,23.342735042735
26380,1799.7673992674,1454.16036796151,842.877381585232,0.39010989010989,0.39010989010989,0.738040293040293,0.164615384615385,0.00923076923076923,0.0504761904761905,0.0925824175824176,0.14018315018315,0.11525641025641,0.226410875563139,0.74329201132618,53342.8846153846,1462.46751593366,29.6238095238095
26420,1153.48242552155,1339.08030611846,860.890605939146,0.393457261141326,0.393457261141326,0.691754200827989,0.145088887084991,0.0701769624157805,0.341930351489569,0.0931528533160159,0.109582758340774,0.246114132640636,0.48040131574546,0.47648518746921,70191.2723435344,4276.34804116856,39.8755580810131
26580,2018.25339366516,845.517148260912,1061.73298964869,0.588235294117647,0.588235294117647,0.920588235294118,0.0393552036199095,0.0104864253393665,0.0162782805429864,0.113518099547511,0.176911764705882,0.144626696832579,0.288887754644945,0.66463459981595,40561.6877828054,1502.39016005411,29.2537330316742
26620,1570.34816753927,1152.6475460426,973.90508003702,0.496509598603839,0.496509598603839,0.666937172774869,0.264275741710297,0.0220069808027923,0.0547556719022688,0.111823734729494,0.149738219895288,0.257705061082024,0.244793825527718,0.387334134374326,57333.942408377,1397.23649699508,23.9394415357766
26820,1516.00595238095,1162.77354395023,1059.5621933906,0.44047619047619,0.440476190476191,0.879732142857143,0.0043452380952381,0.00767857142857143,0.144821428571429,0.0996130952380952,0.138690476190476,0.159613095238095,0.189813756101707,0.617597281032544,49651.0297619048,2163.40230609285,39.671130952381
26900,1695.06787148594,1142.6337360841,965.559837436027,0.489759036144578,0.489759036144578,0.773666666666667,0.139060240963855,0.0357048192771084,0.0669397590361446,0.101666666666667,0.130548192771084,0.243720883534137,0.452413532393588,0.484599248859427,58182.1925702811,2483.52483439678,31.4515060240964
26980,1244.28656126482,1335.27597030996,904.121074985368,0.430830039525692,0.430830039525692,0.8300395256917,0.0702569169960474,0.0609486166007905,0.0607312252964427,0.351837944664032,0.0860869565217391,0.226126482213439,0.617870701991515,0.30805519052513,45746.6205533597,5454.93225888218,51.0187747035573
27060,937.011111111111,1669.96236592327,658.069404133002,0.266666666666667,0.266666666666667,0.720777777777778,0.0514722222222222,0.161416666666667,0.0653888888888889,0.312111111111111,0.12375,0.342777777777778,0.679556841436737,0.243948909745254,44684.2416666667,7619.73374095469,54.7255555555556
27100,2415.95483870968,1160.44359619561,994.839157789112,0.467741935483871,0.467741935483871,0.855645161290323,0.0950322580645161,0.00758064516129032,0.0387741935483871,0.0950645161290323,0.150645161290323,0.123322580645161,0.370208246623707,0.571106677956858,42825.0870967742,1579.92574653977,30.9587096774194
27140,1832.01147227533,1107.55797593706,948.958944362027,0.499043977055449,0.499043977055449,0.492670490758445,0.462868068833652,0.0153601019757808,0.0303569152326323,0.107284894837476,0.129337157425112,0.210579987253027,0.497116441213048,0.482581949485687,50992.9630337795,1269.71778969787,23.0908859145953
27180,1978.17898832685,1097.90085744687,975.417195084412,0.480544747081712,0.480544747081712,0.619143968871595,0.337743190661479,0.00879377431906615,0.0413618677042802,0.142587548638132,0.165875486381323,0.139922178988327,0.349612874565405,0.618772161076161,40090.7840466926,783.987604575879,21.5332684824903
27260,1370.51950617284,1275.34042671695,905.60472887825,0.444691358024691,0.444691358024691,0.727404938271605,0.186982716049383,0.0380592592592593,0.0873012345679012,0.0917827160493827,0.158365432098765,0.231558024691358,0.405353513062862,0.551372718940962,57021.0925925926,2358.7980799638,30.2812592592593
27340,1761.9976635514,1005.32424413937,1040.74888025317,0.516355140186916,0.516355140186916,0.667967289719626,0.213317757009346,0.031518691588785,0.109299065420561,0.163528037383178,0.119556074766355,0.120911214953271,0.306537148857968,0.649724337096351,44367.511682243,1109.43774420158,20.078738317757
27500,1569.90692640693,1286.20782095714,926.139634769632,0.41991341991342,0.41991341991342,0.888181818181818,0.0441341991341991,0.0115367965367965,0.0811688311688312,0.113246753246753,0.146904761904762,0.13978354978355,0.51720828732187,0.413945417258243,51491.4805194805,1898.60483608227,34.0272727272727
27620,2023.97023809524,1341.95165643764,924.671181450698,0.419642857142857,0.419642857142857,0.825863095238095,0.11952380952381,0.0154761904761905,0.0341369047619048,0.108214285714286,0.149910714285714,0.183630952380952,0.261580797066517,0.689313199254207,48844.1964285714,827.711648003369,21.6678571428571
27740,1294.2418699187,1083.36128141911,954.779026814662,0.5,0.5,0.912520325203252,0.0368089430894309,0.0217073170731707,0.0346544715447154,0.0986788617886179,0.206565040650407,0.232052845528455,0.232814307634584,0.721887992950068,43353.7723577236,1227.26446454922,24.65
27780,1535.42234332425,1526.46591630524,735.005882406124,0.346049046321526,0.346049046321526,0.922506811989101,0.0428337874659401,0.00490463215258856,0.0164305177111717,0.0974114441416894,0.224277929155313,0.147956403269755,0.296720924746402,0.664590705355037,43409.0081743869,1595.90643312009,29.799727520436
27860,1821.06267806268,964.278715484972,1042.3338308843,0.535612535612536,0.535612535612536,0.746267806267806,0.168290598290598,0.01,0.0588319088319088,0.121196581196581,0.153846153846154,0.151367521367521,0.285410131657682,0.657673144516018,38531.7122507122,1434.50969893169,24.5615384615385
27900,1915.81879194631,1061.74206538321,1040.2447714759,0.539149888143177,0.539149888143177,0.89572706935123,0.0237360178970917,0.0111185682326622,0.0758612975391499,0.10758389261745,0.150984340044743,0.139284116331096,0.209966058904336,0.738887868002551,44516.2863534676,1140.57005023976,27.8203579418345
28020,1786.94776119403,1153.16904134571,897.532030403551,0.455223880597015,0.455223880597015,0.795626865671642,0.119089552238806,0.0262835820895522,0.0470746268656716,0.175761194029851,0.13265671641791,0.235298507462687,0.531658999675374,0.40407287468626,48481.8865671642,2418.11493865725,30.3179104477612
28100,1694.69306930693,1137.75270553281,993.851293614364,0.485148514851485,0.485148514851485,0.787425742574257,0.165214521452145,0.0124752475247525,0.104290429042904,0.112046204620462,0.14957095709571,0.12983498349835,0.401035831307473,0.531212345418032,53988.4191419142,1869.42840917935,37.803300330033
28140,1728.77323884952,1097.66191484253,1016.17166898315,0.495831596498541,0.495831596498541,0.808426427678199,0.100033347228012,0.0296852855356399,0.0916840350145894,0.0903939141308879,0.141929970821176,0.267901208837015,0.415517061888044,0.51371720920372,62735.4645685702,2723.87269870206,37.1868903709879
28420,1537.96385542169,1323.17582375585,1101.56055643849,0.412650602409639,0.412650602409639,0.762213855421687,0.0183734939759036,0.0251355421686747,0.321777108433735,0.0996385542168675,0.116777108433735,0.152740963855422,0.32688086110556,0.55723688323508,59306.9939759036,2783.86562728532,36.1992469879518
28660,1731.9168591224,1197.39078560798,973.335138763627,0.46189376443418,0.46189376443418,0.671732101616628,0.194434180138568,0.0215704387990762,0.251293302540416,0.119653579676674,0.115692840646651,0.129387990762125,0.372228962121013,0.574038748422043,48122.5519630485,2177.92973626199,31.8912240184758
28700,2052.18205128205,1088.89853128171,981.975499166183,0.51025641025641,0.51025641025641,0.928141025641026,0.0371025641025641,0.00523076923076923,0.0181666666666667,0.068025641025641,0.211910256410256,0.154205128205128,0.203727404737354,0.7561976615088,39089.0538461538,845.138698883538,21.46
28740,668.395721925134,1802.73974742898,578.056806963958,0.212566844919786,0.212566844919786,0.833114973262032,0.0678208556149733,0.0337165775401069,0.117005347593583,0.113502673796791,0.181029411764706,0.223663101604278,0.528557037037037,0.417647407407407,55002.3168449198,1445.02876000997,29.8600267379679
28940,1720.22507122507,1057.32686608802,997.872929654591,0.510446343779677,0.510446343779677,0.873969610636277,0.0669183285849952,0.0204605887939221,0.0421082621082621,0.124786324786325,0.16201804368471,0.229501424501424,0.304607686052809,0.636570468895917,49441.4781576448,1722.74269227232,24.2217948717949
29020,1740.60084033613,1058.63890243949,964.549040525558,0.512605042016807,0.512605042016807,0.833193277310924,0.112058823529412,0.0110924369747899,0.0373109243697479,0.088781512605042,0.179117647058824,0.111302521008403,0.305206463195691,0.644089004950764,40765.5378151261,2039.90431217921,35.2449579831933
29100,1191.47429906542,1447.32568957311,745.791888970265,0.338785046728972,0.338785046728972,0.894299065420561,0.0225467289719626,0.0437616822429907,0.0203504672897196,0.152733644859813,0.150817757009346,0.184766355140187,0.50394416004862,0.428640666556636,48800.691588785,1965.23078910277,45.8123831775701
29180,1568.50252707581,1429.15598562513,816.737090191597,0.378339350180505,0.378339350180505,0.695581227436823,0.254137184115523,0.0192129963898917,0.0383537906137184,0.107927797833935,0.134909747292419,0.177205776173285,0.293634217281965,0.670182225439959,50678.7725631769,1669.06789384281,32.1151624548736
29200,1555.80310880829,1117.79809377083,963.209764278996,0.464594127806563,0.464594127806563,0.82685664939551,0.059119170984456,0.0682556131260794,0.0869257340241796,0.259550949913644,0.121381692573402,0.163143350604491,0.399660003242051,0.49578323919593,43117.6027633851,3995.3319333336,36.2483592400691
29340,2193.55360623782,1157.60556637608,982.617328620001,0.491228070175439,0.491228070175439,0.6764522417154,0.276998050682261,0.0168031189083821,0.0336062378167641,0.0979727095516569,0.15458089668616,0.153723196881092,0.30987962146574,0.650911337054277,47684.0545808967,1703.98909350251,30.5649122807018
29420,1430.95094339623,1399.02779686724,1038.08262534572,0.415094339622642,0.415094339622642,0.912188679245283,0.0129811320754717,0.0119056603773585,0.163528301886792,0.0660754716981132,0.294037735849057,0.0994528301886792,0.218343069436974,0.729044444166469,41264.4226415094,1216.18097299203,21.0032075471698
29460,1607.17996987952,1248.03851054989,962.409177454902,0.442771084337349,0.442771084337349,0.759525602409639,0.181558734939759,0.0130722891566265,0.195474397590361,0.0899096385542169,0.203102409638554,0.125188253012048,0.409218417320338,0.548595841362656,43010.2756024096,1797.72742076687,27.0560240963855
29540,1212.14732824427,1542.30010108413,696.329467839047,0.29618320610687,0.29618320610687,0.847664122137405,0.0555038167938931,0.034175572519084,0.11787786259542,0.098206106870229,0.163763358778626,0.191564885496183,0.377298237620892,0.571226209952989,58641.1717557252,3665.94218496749,40.1449618320611
29620,1778.2234123948,1167.18116201191,929.06576508626,0.449120122417751,0.449120122417751,0.789931140015302,0.0948125478194338,0.0442157612853864,0.0719127773527161,0.186235654169855,0.127620504973221,0.20557765876052,0.527284925762228,0.409193775502396,49032.80489671,2994.90547351022,36.0782708492731
29700,798.242774566474,1550.82667102547,732.339001589632,0.314065510597302,0.314065510597303,0.946300578034682,0.00246628131021195,0.0071868978805395,0.950655105973025,0.110982658959538,0.109961464354528,0.108728323699422,0.743467182145681,0.227519550127405,42037.2928709056,4898.6986920188,49.2452793834297
29740,1787.12077294686,1220.44772530304,1047.29996951811,0.449275362318841,0.449275362318841,0.865386473429952,0.0246618357487923,0.0133333333333333,0.655048309178744,0.175,0.148381642512077,0.173743961352657,0.537127731853697,0.35916091042917,36341.1449275362,2624.42010986728,38.4217391304348
29820,1104.09069333785,1368.76594342455,1000.93144649929,0.391591795219529,0.391591795219529,0.611918969316833,0.112978470927276,0.102807255467028,0.286492625868791,0.0889540600101712,0.149472791998644,0.17451601966435,0.524364707876449,0.417145390302098,52837.7809798271,5403.89022881788,45.8070859467706
29940,1433.24137931034,1273.40445147662,937.658434883985,0.425287356321839,0.425287356321839,0.824454022988506,0.0439942528735632,0.045948275862069,0.0658333333333333,0.28117816091954,0.0949425287356322,0.272126436781609,0.622816299638629,0.293249745442929,48607.6206896552,3724.29533796751,45.5882183908046
30020,1683.75974025974,1146.89670093765,969.482860245271,0.50974025974026,0.50974025974026,0.622402597402597,0.178441558441558,0.0228246753246753,0.121688311688312,0.112792207792208,0.131623376623377,0.121655844155844,0.342193044205381,0.599491648523055,44834.2272727273,2206.15314880179,39.4399350649351
30140,1606.65231788079,1431.8831390064,748.022260106539,0.337748344370861,0.337748344370861,0.851059602649007,0.0247350993377483,0.0122847682119205,0.146721854304636,0.0967880794701987,0.175529801324503,0.131920529801325,0.30323344479465,0.648368878293842,54620.0430463576,2846.1002338927,35.0480132450331
30300,1209.80225988701,1464.43480451061,818.966212480178,0.327683615819209,0.327683615819209,0.906214689265537,0.00830508474576271,0.0122033898305085,0.0444632768361582,0.114011299435028,0.168474576271186,0.141073446327684,0.290912558289163,0.607842126775875,43465.6949152542,1415.36366511621,39.2779661016949
30340,1735.84210526316,1340.07507139305,846.851234803796,0.378947368421053,0.378947368421053,0.901228070175439,0.0304561403508772,0.0114385964912281,0.0196491228070175,0.100561403508772,0.174982456140351,0.144631578947368,0.414225790771779,0.508164257295624,44405.2596491228,2000.37542130864,37.6284210526316
30460,1651.73310580205,1047.65050930953,1008.7585962679,0.501706484641638,0.501706484641638,0.796361774744027,0.118034129692833,0.0322662116040956,0.0633105802047782,0.163924914675768,0.125030716723549,0.236464163822526,0.456718340442193,0.47560782990227,51813.585665529,3622.22949161811,40.061843003413
30620,1928.54814814815,990.600590588592,928.762375533716,0.485185185185185,0.485185185185185,0.790333333333333,0.152851851851852,0.00533333333333333,0.0306666666666667,0.128222222222222,0.154740740740741,0.0995555555555556,0.289667494661612,0.664291628535321,43425.4555555556,1649.68442518744,32.3911111111111
30700,1691.33292383292,1049.21749465692,1026.31955541542,0.504914004914005,0.504914004914005,0.868353808353808,0.0376781326781327,0.0438452088452088,0.0613882063882064,0.182555282555283,0.12517199017199,0.233550368550369,0.444759076587323,0.462564476391949,55759.9484029484,3319.47068980498,42.6610565110565
30780,1809.7974616605,1112.54488373001,978.523557950922,0.489687995769434,0.489687995769434,0.671549444738234,0.265409836065574,0.0168270756213644,0.0556002115282919,0.105161290322581,0.139407720782655,0.2288365943945,0.290877753642221,0.320122989554918,51010.0846113168,1737.59760210725,29.588260179799
30860,1844.5141509434,916.25889426749,1269.41583274919,0.589622641509434,0.589622641509434,0.882783018867925,0.00891509433962264,0.024622641509434,0.12872641509434,0.255518867924528,0.0833490566037736,0.165,0.177973788607735,0.461185010133878,45285.1226415094,3193.91623849371,38.7004716981132
30980,1708.54521276596,946.267376513566,1009.603293409,0.542553191489362,0.542553191489362,0.73218085106383,0.215704787234043,0.0114760638297872,0.185957446808511,0.103670212765957,0.153577127659574,0.116755319148936,0.255188241082467,0.716703436438068,45269.085106383,977.921475238807,24.650664893617
31020,2349.77333333333,1516.86149266338,954.006380589816,0.353333333333333,0.353333333333334,0.889,0.01,0.00993333333333333,0.143666666666667,0.0902,0.200266666666667,0.0854666666666667,0.379027394900069,0.513934355616816,40965.28,1994.7817686996,38.3206666666667
31080,540.782935349572,1616.53512807482,838.911394057833,0.289754510216778,0.289754510216778,0.561627027803034,0.0533913958941475,0.191672010336412,0.362553955113174,0.0930090443604345,0.138603148777336,0.28091592094559,0.664304304174391,0.275136112917011,70775.6160214385,11481.4664103343,61.4972101258554
31140,1804.18093645485,1098.25649767822,986.999708689226,0.502006688963211,0.502006688963211,0.791719063545151,0.146852842809365,0.0214113712374582,0.05038127090301,0.0886053511705686,0.155297658862876,0.223107023411371,0.46186635141181,0.458474459650332,55223.4016722408,2875.16855657129,36.1971571906355
31180,1557.33774834437,983.626183179546,1065.11957170454,0.524503311258278,0.524503311258278,0.815470198675497,0.0613509933774834,0.0225827814569536,0.361774834437086,0.203059602649007,0.121139072847682,0.163006622516556,0.281240523602898,0.6654130134188,47944.9152317881,3623.41234325644,39.2617218543046
31340,1852.73781512605,1264.18275773167,901.457963986819,0.448739495798319,0.448739495798319,0.735025210084034,0.199764705882353,0.0290588235294118,0.0273949579831933,0.169210084033613,0.164621848739496,0.188352941176471,0.335094515273882,0.601043323506466,48094.8470588235,1321.29705031622,23.3436974789916
31420,1758.13109756098,1093.78416031136,931.319493314037,0.507621951219512,0.507621951219512,0.446600609756098,0.514237804878049,0.0176067073170732,0.0305335365853659,0.106875,0.141859756097561,0.17422256097561,0.544934683315861,0.427978920212752,40034.1326219512,1263.49775304984,24.867987804878
31460,1964.33215547703,1375.90688135144,1104.76367053635,0.402826855123675,0.402826855123675,0.818021201413428,0.0176325088339223,0.0180212014134276,0.482968197879859,0.0919081272084806,0.175724381625442,0.101484098939929,0.391408279127497,0.536856138092721,49666.5229681979,1990.59215317564,26.0579505300353
31540,1266.78363988383,1452.51798553418,761.949150239424,0.341239109390126,0.341239109390126,0.860537270087125,0.0419845111326234,0.0498209099709584,0.0553823814133591,0.17283155856728,0.133213939980639,0.298315585672798,0.660275766709772,0.271754071265311,61917.0939012585,6941.58687841708,42.9715876089061
31700,1083.29247104247,1569.91275009162,698.275365174768,0.303088803088803,0.303088803088803,0.899469111969112,0.0250096525096525,0.038957528957529,0.0802509652509653,0.0932335907335907,0.141158301158301,0.244218146718147,0.428699906764907,0.503164217526547,67601.8156370656,3211.08429507897,39.9689189189189
31740,1551.55614973262,1066.97081720459,1037.02971110761,0.497326203208556,0.497326203208556,0.812513368983957,0.0896256684491979,0.0352406417112299,0.0995187165775401,0.259625668449198,0.0883957219251337,0.191417112299465,0.3731566033205,0.539712941487187,46962.1711229947,2589.73925020705,40.501871657754
31860,1631.9173553719,1148.16450809836,1016.70770636236,0.512396694214876,0.512396694214876,0.910413223140496,0.0338429752066116,0.0172314049586777,0.0361570247933884,0.245578512396694,0.145413223140496,0.188264462809917,0.430789403868805,0.466342408324868,49737.805785124,2616.29937005305,41.5190082644628
31900,2064.33114754098,1142.51402426188,924.017817373803,0.452459016393443,0.452459016393443,0.848098360655738,0.0923606557377049,0.0199672131147541,0.0138688524590164,0.0791475409836066,0.187770491803279,0.134295081967213,0.29132104176477,0.662694244213424,44443.3672131148,1114.49564659544,26.4662295081967
32580,1348.57727517501,1290.38347251277,888.349393444372,0.396876682821756,0.396876682821756,0.866375875067313,0.00492191707054389,0.0136995153473344,0.898928379106085,0.100145395799677,0.120716208939149,0.125110393107162,0.685026839717015,0.280459186909368,39679.4496499731,2771.12640558569,36.4639203015617
32780,1367.29702970297,1457.34311222847,1012.20424784028,0.366336633663366,0.366336633663366,0.909529702970297,0.00668316831683168,0.0115346534653465,0.165519801980198,0.0957673267326733,0.18289603960396,0.179207920792079,0.406550989234132,0.492741957613398,41084.4430693069,2264.3356661725,42.939603960396
32820,1355.23365668494,1174.59748045903,909.197747951351,0.450442851117672,0.450442851117672,0.538038802193167,0.400847743568115,0.0230788696752425,0.0456263180092788,0.0937536904259806,0.129215520877267,0.214209194432729,0.525394184987655,0.42106812987696,57648.3652467313,2220.13278176156,28.3827498945593
32900,1871.30858468678,1302.08339540674,1147.68953430109,0.45707656612529,0.45707656612529,0.587169373549884,0.038491879350348,0.0642227378190255,0.563480278422274,0.114176334106729,0.117099767981439,0.0936890951276102,0.524653085326247,0.403855076131427,44754.9211136891,3145.37326234967,41.731090487239
33100,1006.31279482849,1690.01437312887,688.956365703611,0.27639624949042,0.27639624949042,0.745121425659542,0.172934599033254,0.0249595247801526,0.435056199405975,0.0802515869780444,0.17933900180537,0.257707180711665,0.627014256069716,0.344301905188193,56560.1396540679,7810.97258111082,55.3779046066042
33140,1492.40597014925,1448.34135171078,759.325895443149,0.367164179104478,0.367164179104478,0.774716417910448,0.150328358208955,0.00573134328358209,0.0722686567164179,0.0878208955223881,0.154388059701493,0.122507462686567,0.434080992786511,0.497423754083624,42941.3970149254,1761.55916032849,31.4459701492537
33220,1979.52747252747,1274.98602836697,912.918928741852,0.406593406593407,0.406593406593407,0.930989010989011,0.0143956043956044,0.0198901098901099,0.0301648351648352,0.088956043956044,0.182472527472527,0.227197802197802,0.36783042394015,0.561003152496118,54491.6758241758,1798.63962653031,25.6043956043956
33260,1600.09138381201,1070.89057213245,1035.02321295211,0.493472584856397,0.493472584856397,0.817310704960835,0.068798955613577,0.0161618798955614,0.472532637075718,0.100861618798956,0.106292428198433,0.161514360313316,0.201920154306646,0.753828051497672,73888.8798955614,2988.9595498447,42.0592689295039
33340,1269.80745672437,1509.30427434799,769.459284746255,0.33422103861518,0.33422103861518,0.779579227696405,0.115486018641811,0.0366844207723036,0.110990679094541,0.111113182423435,0.143182423435419,0.272237017310253,0.531320301718035,0.405387848248339,62270.7302263648,5414.11656369636,49.0133155792277
33460,1366.89608755818,1308.99907777577,893.503766607037,0.416907787143037,0.416907787143037,0.775243426846144,0.0992628003522456,0.0618606113976601,0.0610818970939741,0.101042898477796,0.131739841489496,0.289333249465342,0.536678529243978,0.375767871533978,69886.592275758,4444.3964770159,41.5002390237766
33540,1206.40617577197,1430.67628767787,906.062967653505,0.382422802850356,0.382422802850356,0.922209026128266,0.00703087885985748,0.00812351543942993,0.0273634204275534,0.178931116389549,0.133586698337292,0.273942992874109,0.532793946252724,0.375825549380944,42173.0023752969,2687.88291576849,49.9767220902613
33660,1551.64668094218,1173.08800374304,927.30938395089,0.475374732334047,0.475374732334047,0.615695931477516,0.319785867237687,0.0244539614561028,0.0381263383297645,0.0975160599571735,0.161070663811563,0.173940042826552,0.252132222059684,0.339580961258636,45687.7847965739,1788.40548917427,28.3009635974304
33700,1027.85644768856,1332.65288533352,1176.56135896239,0.418491484184915,0.418491484184915,0.772761557177616,0.0277858880778589,0.0412530413625304,0.419172749391727,0.0970924574209246,0.132493917274939,0.108114355231144,0.468143297822323,0.450064791348921,51711.8941605839,4106.71247592214,45.3542579075426
33740,1835.77839851024,1055.9029767479,923.630997290171,0.51024208566108,0.51024208566108,0.522234636871508,0.444599627560521,0.0127374301675978,0.0277653631284916,0.111843575418994,0.148137802607076,0.136964618249534,0.357280701983708,0.616742495666802,34792.0819366853,1262.75335178465,28.2512104283054
33780,1942.23762376238,1435.68313599824,788.201404538134,0.409240924092409,0.409240924092409,0.936435643564356,0.032970297029703,0.00745874587458746,0.0398349834983498,0.083003300330033,0.15976897689769,0.132838283828383,0.361947236519443,0.582890942897949,56611.8415841584,1300.52700977708,20.6828382838284
33860,1892.49519743863,1056.32864735885,995.273521994973,0.531483457844184,0.531483457844184,0.504749199573106,0.442945570971185,0.0202881536819637,0.0354002134471718,0.107577374599787,0.145763073639274,0.205261472785486,0.318254386818284,0.307631745862443,50791.2988260406,1535.06873483359,22.4785485592316
34060,1514.62118126273,1198.60697458068,887.142767886196,0.395112016293279,0.395112016293279,0.891588594704684,0.0441751527494908,0.0344195519348269,0.0203665987780041,0.2679633401222,0.117942973523422,0.217820773930754,0.37701297683898,0.546332058179597,45585.9205702648,2624.81334489753,31.6810590631365
34100,2491.0819112628,1038.20080501177,990.466323445345,0.535836177474403,0.535836177474403,0.885460750853242,0.0398634812286689,0.00566552901023891,0.112286689419795,0.0869965870307167,0.176587030716724,0.101535836177474,0.187441116526714,0.774994113046907,40474.4914675768,864.864600891597,15.9658703071672
34580,909.123076923077,1588.20928385271,862.860331895363,0.294505494505495,0.294505494505494,0.811472527472528,0.0114285714285714,0.0174065934065934,0.201384615384615,0.0878021978021978,0.176065934065934,0.156857142857143,0.458683802657472,0.426518990648346,48976.6659340659,1624.66544936918,33.1147252747253
34620,2304.69230769231,951.051629086208,1195.10466313754,0.582417582417582,0.582417582417582,0.865274725274725,0.0856410256410256,0.0143223443223443,0.0251648351648352,0.222564102564103,0.146556776556777,0.134615384615385,0.404930759077384,0.541779458153426,36300.2454212454,2633.17146272117,32.2604395604396
34740,1959.56182795699,1253.45381703745,896.018792858692,0.42741935483871,0.42741935483871,0.811505376344086,0.131639784946237,0.00559139784946237,0.0501881720430108,0.0845967741935484,0.170698924731183,0.138844086021505,0.477717446982891,0.462644708533962,45211.6559139785,1752.42847652031,27.755376344086
34820,1023.94809069212,1414.98681375443,752.619920702224,0.366348448687351,0.366348448687351,0.813806682577566,0.126831742243437,0.0112887828162291,0.0715095465393795,0.0635918854415274,0.259427207637231,0.209767303102625,0.223223633076703,0.473525184573079,45530.2911694511,1168.54031993778,25.6307875894988
34900,307.676136363636,2033.5937138988,614.501874709627,0.1875,0.1875,0.762130681818182,0.0214204545454545,0.0624715909090909,0.35875,0.0773295454545455,0.197556818181818,0.260880681818182,0.638711464511504,0.283696148080558,74726.6051136364,3437.56501621939,44.803125
34940,947.667673716012,1605.77247198577,786.342357429319,0.312185297079557,0.312185297079557,0.905619335347432,0.0576435045317221,0.00965760322255791,0.20245720040282,0.0541087613293051,0.353605236656596,0.317764350453172,0.354095414758565,0.611112399281201,68354.5750251762,2443.13782827805,29.3841893252769
34980,1544.20135507093,1135.47603024519,954.567972101297,0.481261909803091,0.481261909803091,0.764708871479992,0.159661232267627,0.0293499894135084,0.0767668854541605,0.107366080880796,0.12789540546263,0.249921659961889,0.424492194068703,0.518411942621862,60124.4243065848,2077.78026183937,28.459877196697
35100,1922.12951807229,1161.23416726238,965.783586960327,0.478915662650602,0.478915662650602,0.663313253012048,0.249969879518072,0.0362048192771084,0.0602409638554217,0.0994277108433735,0.197409638554217,0.169427710843373,0.374504774318063,0.592593597600821,47384.563253012,859.412336858014,22.4346385542169
35300,1120.81894807822,1621.14091574487,691.588586389987,0.280175320296696,0.280175320296696,0.729875252865813,0.131328388401888,0.0519352663519892,0.170788941335132,0.112902899527984,0.162987188132165,0.258607552258935,0.542495369466446,0.41964507158198,63590.6655428186,4752.32454251761,46.2307484828051
35380,1261.68472222222,1573.42465742205,714.438774407821,0.311574074074074,0.311574074074074,0.650923611111111,0.272916666666667,0.0313518518518519,0.0986550925925926,0.0791689814814815,0.154351851851852,0.278078703703704,0.531724710317253,0.425322325581087,55441.0481481481,4793.43891184188,56.5686111111111
35620,551.107712410537,1906.04591777365,509.061294529283,0.192691473881151,0.192691473881151,0.59492738989695,0.145158138567992,0.122180084934517,0.240170462982211,0.0911666617171027,0.141610637602827,0.302959344281769,0.639162673545202,0.295158816369108,81229.6920975262,32268.1173024812,71.7143408665697
35660,1456.31673306773,1545.04483143094,731.901370160478,0.332669322709163,0.332669322709163,0.798505976095618,0.132111553784861,0.0215537848605578,0.0496215139442231,0.0862151394422311,0.20308764940239,0.201573705179283,0.409476475406422,0.536532881675945,48756.5876494024,1016.00903319379,27.2181274900398
35840,965.423728813559,1576.4992866325,793.675383708782,0.331006979062812,0.331006979062812,0.900264207377866,0.0519940179461615,0.018185443668993,0.10728813559322,0.0562612163509472,0.348654037886341,0.281430707876371,0.411481781743146,0.548271636869605,55644.8325024925,2872.57648563432,34.3591724825523
35980,1538.83189655172,1478.22114054087,779.913862365929,0.322198275862069,0.322198275862069,0.787090517241379,0.0661206896551724,0.0475431034482759,0.111918103448276,0.0913900862068966,0.18198275862069,0.240474137931034,0.504193652849741,0.437645725388601,68397.8092672414,1851.15970234153,28.1738146551724
36100,1836.94917407878,1204.21710050714,972.862199546116,0.476493011435832,0.476493011435832,0.801524777636595,0.151219822109276,0.0152731893265565,0.118653113087675,0.0815374841168996,0.266137229987293,0.147496823379924,0.352706083001706,0.613035815804434,39366.4498094028,1028.17887790956,20.3663278271919
36140,335.157342657343,1892.64095076017,452.013844387515,0.152680652680653,0.152680652680653,0.920536130536131,0.0378554778554779,0.00884615384615385,0.0842773892773893,0.0888694638694639,0.293508158508159,0.263682983682984,0.38080344449409,0.577724521710874,61693.486013986,1618.44648151852,42.6067599067599
36220,1623.42618384401,1173.9447641292,956.580057694786,0.481894150417827,0.481894150417827,0.816016713091922,0.0416434540389972,0.00805013927576602,0.594178272980501,0.124038997214485,0.0957381615598886,0.0913649025069638,0.280563920065699,0.684916506980564,58644.2618384401,2831.10885493414,36.4440111420613
36260,1824.69557675629,1039.64348514178,1150.49306746178,0.496097137901127,0.496097137901127,0.878881179531657,0.0162359063313096,0.0166955767562879,0.158395490026019,0.111639202081526,0.103824804856895,0.162281006071119,0.22664884732216,0.467068706326376,60574.4232437121,3020.20927513453,38.4150910667823
36420,1542.04124962087,1050.85023063416,987.280174972418,0.518350015165302,0.518350015165302,0.740306339096148,0.103621474067334,0.0341370943281771,0.127973915680922,0.117073096754625,0.127797998180164,0.209617834394904,0.360574538867372,0.570219659835002,55815.7482559903,2602.98405493206,35.229178040643
36500,1892.17897091723,1422.24772170553,1088.14561288713,0.364653243847875,0.364653243847875,0.80572706935123,0.0348098434004474,0.0554362416107383,0.0875838926174497,0.0946532438478747,0.159664429530201,0.239977628635347,0.512730118506373,0.362286651263323,54112.51901566,2101.15000895023,35.5308724832215
36540,1404.60849056604,1129.77653675803,1004.35338356548,0.473794549266247,0.473794549266247,0.854135220125786,0.0667662473794549,0.0244339622641509,0.104376310272537,0.0955607966457023,0.135356394129979,0.225880503144654,0.413188633753967,0.509629510585853,62925.3349056604,2911.12748983832,40.193501048218
36740,1171.44166911549,1350.87596515648,908.574703798226,0.420658242727006,0.420658242727006,0.702591830737584,0.166269468116368,0.0453320599471055,0.26492359682633,0.109497502203938,0.141724948574787,0.222982662356744,0.551207269259364,0.402298629586268,53272.8914193359,2737.47201540046,32.2822803408757
36780,1649.50934579439,1381.99248285439,792.342055440374,0.355140186915888,0.355140186915888,0.924485981308411,0.0172897196261682,0.0224532710280374,0.037803738317757,0.129182242990654,0.145771028037383,0.154556074766355,0.425204259616267,0.498577067841733,49797.2593457944,3076.916539317,40.1969626168224
36980,2305.224,926.502843070741,1063.19585328026,0.54,0.54,0.90336,0.04644,0.02184,0.02584,0.096,0.16392,0.15324,0.302257753728948,0.639555220072198,51187.132,1585.59427347482,26.0436
37100,468.436495176849,1524.97415479923,910.551336419969,0.303054662379421,0.303054662379421,0.803946945337621,0.0153376205787781,0.0621704180064309,0.415450160771704,0.0916639871382637,0.145771704180064,0.214573954983923,0.545916619395566,0.371587354185037,73124.6985530547,5151.97788267137,50.4493569131833
37340,1332.53974895397,1494.05723120408,849.836672589933,0.375871687587169,0.375871687587169,0.860941422594142,0.0774267782426778,0.0212831241283124,0.0883193863319386,0.0706276150627615,0.253772663877266,0.228361227336123,0.376182258809773,0.571595613265816,50643.7677824268,2341.68978735979,29.9845885634589
37460,1340.46944083225,1296.32033298011,881.069698153231,0.427828348504551,0.427828348504551,0.804655396618986,0.119388816644993,0.0244993498049415,0.0650455136540962,0.0851625487646294,0.187529258777633,0.169674902470741,0.247069891863707,0.704971549046723,49120.0182054616,1579.67973973799,31.2230169050715
37620,1519.65034965035,1105.06428454021,858.728118498957,0.503496503496504,0.503496503496504,0.954440559440559,0.0104895104895105,0.00821678321678322,0.0124125874125874,0.0758041958041958,0.190594405594406,0.143496503496504,0.233983710902087,0.715970029934359,43231.1538461538,1707.71966323704,42.2300699300699
37860,1558.8518907563,1231.86447898486,966.304778123082,0.473739495798319,0.473739495798319,0.723256302521008,0.181365546218487,0.0260819327731092,0.0541176470588235,0.114422268907563,0.161628151260504,0.202888655462185,0.32363142737396,0.623980836432421,53658.4369747899,1666.48357427298,25.4625
37900,1372.49818445897,1435.55124743788,765.89860922636,0.353667392883079,0.353667392883079,0.856702977487291,0.0868554829339143,0.0220479302832244,0.0279665940450254,0.0849164851125635,0.163340595497458,0.195141612200436,0.394656528725101,0.535480882425212,57621.8271604938,1501.43404265833,29.9275962236747
37980,604.053071009341,1565.65939786789,717.198220945294,0.301314375464991,0.301314375464991,0.713560386872778,0.16372902372489,0.0665049185748533,0.0875498057369596,0.0981053153674465,0.153129701578904,0.282432834587088,0.61015414862926,0.348606753073618,73839.9265933703,7335.33229560271,47.4527486153592
38060,1375.33116297706,1218.7582330903,1041.95198947385,0.450465791846138,0.450465791846138,0.78547731142943,0.0482660522888911,0.0433577081037764,0.268072723630171,0.111221075828909,0.151286186517079,0.240033056195532,0.445305112427674,0.47996967964566,62391.3250525894,4307.62918286681,41.1362816788541
38220,2085.46892655367,1139.55078121996,995.074846529317,0.497175141242938,0.497175141242938,0.416214689265537,0.558361581920904,0.00440677966101695,0.0215819209039548,0.110395480225989,0.15135593220339,0.100508474576271,0.569948604392662,0.396274145491939,38114.4576271186,993.829890805812,22.5468926553672
38300,1090.91395623891,1494.20664213169,694.581252578758,0.313128326434063,0.313128326434063,0.856468066232998,0.0854804849201656,0.0280130100532229,0.018929627439385,0.114723536369012,0.178826138379657,0.250638675340035,0.455580488191076,0.500561398020177,56450.6485807215,3901.75512491696,39.5801892371378
38340,1160.26677577741,1621.25517375808,607.340293410414,0.253682487725041,0.253682487725041,0.893502454991817,0.033126022913257,0.0206219312602291,0.0554337152209493,0.0969721767594108,0.228674304418985,0.242880523731588,0.666199308106131,0.256625569593246,56084.9083469722,1496.65256878493,30.7464811783961
38540,1640.19262295082,1110.70574350577,1182.99044678913,0.508196721311475,0.508196721311475,0.886598360655738,0.00934426229508197,0.0130737704918033,0.123401639344262,0.133688524590164,0.119877049180328,0.13844262295082,0.305619550221459,0.520467435931964,41016.7950819672,2232.54694364331,42.3459016393443
38860,940.45710394916,1731.75741250103,589.170844520449,0.234679981842941,0.234679981842941,0.914507489786655,0.0354607353608715,0.01791647753064,0.0267317294598275,0.0951747616886064,0.193290966863368,0.2996867907399,0.550376930712347,0.38106452452623,58168.049931911,2048.64378233113,36.0111211983659
38900,862.155215379138,1744.90676335739,794.763263964965,0.249911000355999,0.249911000355999,0.817374510501958,0.038689925240299,0.0548344606621574,0.107993948024208,0.0840939836240655,0.135920256318975,0.307803488786045,0.624545224554937,0.271062785372678,59127.1933072268,6354.71937406142,59.3778568885724
38940,1291.10326086957,1488.83004868458,820.656988340544,0.36231884057971,0.36231884057971,0.771585144927536,0.151893115942029,0.0156974637681159,0.166974637681159,0.0727264492753623,0.251376811594203,0.173940217391304,0.416604710031127,0.547884771073924,46008.9402173913,1966.47012928011,25.5752717391304
39100,686.747592295345,1724.85829602841,622.000922667741,0.243579454253612,0.243579454253612,0.72029695024077,0.126139646869984,0.030569823434992,0.193138041733547,0.106436597110754,0.152094703049759,0.207379614767255,0.464081278377327,0.491527432195456,70303.3647672552,2748.94215347106,32.5964285714286
39150,1380.98959881129,1581.25943783346,912.636570110703,0.346210995542348,0.346210995542348,0.909806835066865,0.00638930163447251,0.00930163447251114,0.162808320950966,0.0820208023774146,0.283016344725111,0.203432392273403,0.310965487112276,0.623241590214067,44883.6166419019,974.822429163289,23.5236255572065
39300,798.244020501139,1601.25440681419,694.411595103218,0.290148063781321,0.290148063781321,0.844393507972665,0.0417084282460137,0.0304612756264237,0.0959026195899772,0.111870728929385,0.17128416856492,0.223115034168565,0.528546701946716,0.40303229363243,62134.3641799544,4440.89855120718,44.59715261959
39340,1731.69539078156,937.167961254665,1172.71707603234,0.533066132264529,0.533066132264529,0.905380761523046,0.00645290581162325,0.0201402805611222,0.154569138276553,0.206553106212425,0.0716032064128257,0.170460921843687,0.139066536162385,0.50648062052211,59200.1873747495,4497.24791948309,45.7426853707415
39380,1697.59825327511,1345.16616122225,923.230026580435,0.40174672489083,0.40174672489083,0.737751091703057,0.0334497816593886,0.00552401746724891,0.455087336244542,0.0889082969432314,0.210414847161572,0.137685589519651,0.456157973704956,0.461116903593317,39317.6703056769,2169.79322671359,32.1796943231441
39460,1618.49565217391,1523.32978430882,910.582414510176,0.365217391304348,0.365217391304348,0.904760869565217,0.0549347826086957,0.00817391304347826,0.0684782608695652,0.0552826086956522,0.412347826086957,0.183065217391304,0.344130387809069,0.619609618570385,42782.997826087,1491.54246179236,21.5636956521739
39540,1057.53099730458,1673.18164117794,686.671793534734,0.30188679245283,0.30188679245283,0.818167115902965,0.099433962264151,0.0122641509433962,0.123989218328841,0.0866576819407008,0.157816711590297,0.162021563342318,0.451616330086155,0.495161101845261,56887.4070080863,2588.75239012999,35.1673854447439
39580,1495.49841772152,1180.10568569057,938.985021476864,0.447784810126582,0.447784810126582,0.675107594936709,0.199199367088608,0.0617626582278481,0.10154746835443,0.0959050632911393,0.11921835443038,0.327056962025316,0.53748513328125,0.410750935586,70291.864556962,2373.3061278295,29.2832911392405
39660,1577.82151029748,1245.04689839821,992.342133088627,0.441647597254005,0.441647597254005,0.792494279176201,0.012929061784897,0.0111441647597254,0.0491990846681922,0.101578947368421,0.161189931350114,0.167597254004577,0.281061196451782,0.637832552368701,47724.8489702517,1494.19582581969,29.4080091533181
39740,708.250891795482,1694.76752409625,644.444573272192,0.272294887039239,0.272294887039239,0.802164090368609,0.0586801426872771,0.0154340071343639,0.221474435196195,0.10731272294887,0.165719381688466,0.154304399524376,0.426091207865932,0.524898823912866,56260.8299643282,5204.40397640108,42.5611177170036
39820,1226.61121856867,1466.8666232984,990.414500781988,0.352030947775629,0.352030947775629,0.851431334622824,0.0170599613152805,0.033926499032882,0.0993036750483559,0.0885880077369439,0.180328820116054,0.132282398452611,0.275239435229068,0.639045221169036,42110.6615087041,1878.79052204594,30.7466150870406
39900,910.089005235602,1447.38591230355,1025.82786227394,0.369633507853403,0.369633507853403,0.792146596858639,0.0295811518324607,0.0538534031413613,0.241591623036649,0.102544502617801,0.169162303664921,0.204020942408377,0.459752847258896,0.455819453843799,51202.1926701571,4007.5687798729,50.2956020942408
40060,1217.03703703704,1239.96807680294,976.822630362581,0.45679012345679,0.45679012345679,0.658301404853129,0.237564921243082,0.051894423158791,0.0585227756492124,0.111924223073648,0.142243507875692,0.266279267773521,0.525769073140408,0.418702714566794,68356.5593869732,2566.19951105788,28.3572158365262
40140,939.23516986446,1318.15240228279,1049.19019628243,0.412075338848794,0.412075338848794,0.655743707093821,0.0670586164407675,0.0638883999295899,0.465861644076747,0.101737370181306,0.141464530892449,0.138009153318078,0.507875304118691,0.430788024574734,56523.9193803908,3541.41871405327,33.9030100334448
40220,1445.58311688312,1193.648697627,916.438553109252,0.446753246753247,0.446753246753247,0.793545454545455,0.140064935064935,0.0277532467532468,0.0442857142857143,0.0998701298701299,0.178454545454545,0.217,0.407982603080236,0.535931997180901,52541.7753246753,1890.35492127676,32.5915584415584
40340,1403.41385135135,1376.69257019283,804.503416141035,0.342905405405405,0.342905405405405,0.86785472972973,0.0573141891891892,0.0418581081081081,0.0660641891891892,0.0965371621621622,0.198902027027027,0.234391891891892,0.41629672941321,0.48639565639896,56860.0743243243,2391.27434880566,41.2290540540541
40380,1123.45961725592,1548.10565598648,659.753808341366,0.297113201427181,0.297113201427181,0.789471294193967,0.126743431722348,0.0367239701589361,0.0713298734998378,0.113447940317872,0.160162179695102,0.234661044437236,0.498045164970375,0.436273984407387,52714.3710671424,3128.90441505403,36.5704184236134
40420,1926.26905829596,1206.42837170441,1010.65675565851,0.441704035874439,0.441704035874439,0.810201793721973,0.098262331838565,0.0297421524663677,0.129103139013453,0.0806726457399103,0.180762331838565,0.143587443946188,0.455999976765835,0.471083611250417,51727.6423766816,2278.36391888264,33.6720852017937
40580,1874.003003003,1053.66572492085,972.355248247178,0.531531531531532,0.531531531531532,0.456786786786787,0.472552552552553,0.0112012012012012,0.0519219219219219,0.0935435435435436,0.191711711711712,0.135075075075075,0.534384958861708,0.444359169986445,41586.5465465465,646.48798448598,21.6378378378378
40660,1899.57317073171,1025.74849464768,1010.49619553178,0.548780487804878,0.548780487804878,0.706219512195122,0.227154471544715,0.0120731707317073,0.105691056910569,0.109878048780488,0.157520325203252,0.155162601626016,0.264649791955617,0.696775312066574,39534.7601626016,1127.6710588282,31.5626016260163
40900,1034.76929392447,1397.80172064812,1070.43188062415,0.387794198139026,0.387794198139026,0.720265462506842,0.0529310344827586,0.0992145593869732,0.202145593869732,0.104792008757526,0.152058018609743,0.232545155993432,0.515749070821188,0.394729526832761,64653.1765188834,3871.36770745503,39.0304871373837
40980,2063.26855895197,1123.6550444518,1025.94936312474,0.497816593886463,0.497816593886463,0.774323144104804,0.169061135371179,0.0134061135371179,0.0701965065502183,0.129039301310044,0.179650655021834,0.152336244541485,0.47069550466497,0.482071670907549,45501.2969432314,1348.03683684862,23.1480349344978
41060,1634.7242582897,1247.69216908628,859.514243659762,0.411867364746946,0.411867364746946,0.863071553228621,0.0663874345549738,0.0236649214659686,0.0403664921465969,0.19022687609075,0.13935427574171,0.134746945898778,0.315872802657582,0.604181749945344,51472.2251308901,1663.51795231415,30.8579406631763
41100,1619.8453038674,1113.7074714711,1106.42908438028,0.480662983425414,0.480662983425414,0.878977900552486,0.0068232044198895,0.00704419889502762,0.123093922651934,0.106795580110497,0.202182320441989,0.16853591160221,0.164763536778719,0.683044794285806,53274.4475138122,1127.95174606694,21.9779005524862
41140,2058.59636363636,1131.94410017356,1027.12271088143,0.527272727272727,0.527272727272727,0.881018181818182,0.0734181818181818,0.00578181818181818,0.044,0.107890909090909,0.169127272727273,0.138254545454545,0.302082832007372,0.636233258688129,48009.3163636364,1768.62694985496,25.0018181818182
41180,1364.43281938326,1280.71241544225,866.839715757464,0.426073788546255,0.426073788546255,0.757804240088106,0.179392896475771,0.029880231277533,0.0328648127753304,0.0941175660792952,0.154812775330396,0.249008810572687,0.499327265809384,0.447922652901481,62108.1855726872,2918.26047420961,36.6859581497797
41420,1318.14909090909,1560.52665965454,919.482382506986,0.309090909090909,0.309090909090909,0.840745454545455,0.0131090909090909,0.0192545454545455,0.221454545454545,0.130236363636364,0.149163636363636,0.156872727272727,0.419718629886548,0.464348793757094,48360.3763636364,3156.29663062863,45.02
41500,843.135107471853,1538.24262621599,952.875546529901,0.282497441146366,0.282497441146366,0.704401228249744,0.0213920163766633,0.0548515864892528,0.482190378710338,0.096345957011259,0.162415557830092,0.220337768679632,0.674837517233021,0.264328025815444,64525.4851586489,5313.13493960177,50.5122824974411
41540,1076.67289719626,1458.80328834592,716.744395777748,0.328855140186916,0.328855140186916,0.828931074766355,0.124526869158879,0.0136799065420561,0.0569158878504673,0.0798130841121495,0.286302570093458,0.277132009345794,0.373881685856233,0.582342869075514,61433.3510514019,1009.60754685606,31.1254088785047
41620,1347.18414826498,1174.026913432,1057.44975903034,0.450315457413249,0.450315457413249,0.814641167192429,0.0182452681388013,0.0422476340694006,0.154605678233438,0.109684542586751,0.105891167192429,0.249538643533123,0.407836921067421,0.332089359197343,64670.429022082,4385.53245227185,50.3967665615142
41660,1386.95820895522,1199.52437327509,941.936662878549,0.444776119402985,0.444776119402985,0.82510447761194,0.0669850746268657,0.00901492537313433,0.411761194029851,0.133880597014925,0.155582089552239,0.134746268656716,0.234739678824765,0.718944537850353,41612.3402985075,2165.15421594793,40.2444776119403
41700,1042.96052222568,1289.89303760433,879.893526092809,0.410009325458502,0.410009325458502,0.809552377991918,0.0655237799191794,0.0236897730805098,0.489306807584706,0.0995585949642524,0.139555486478085,0.191165682312714,0.439810894474976,0.513256696711049,61096.3515697855,2735.44480610149,28.912713708424
41740,568.193027759845,1623.4529742696,846.169042643794,0.288358080482031,0.288358080482031,0.751364321067355,0.040738110608995,0.0971314826769959,0.302836238433398,0.10281471917366,0.141261028620615,0.301788250484183,0.562979179424372,0.365711879975505,73222.2786744136,6837.02472999601,52.1454701958253
41860,387.466037735849,1767.49460541687,826.512062116537,0.231367924528302,0.231367924528302,0.541396226415094,0.0584056603773585,0.257271226415094,0.180272405660377,0.0944198113207547,0.144817216981132,0.380344339622642,0.771772588687328,0.158264097188522,92169.0349056604,14772.0057450769,67.9203301886792
41940,392.565265486726,1619.96622706411,889.413045945906,0.282079646017699,0.282079646017699,0.495888643067847,0.026806784660767,0.339078171091445,0.246268436578171,0.0799631268436578,0.120888643067847,0.372654867256637,0.720550462025429,0.211965266129653,109106.665560472,7637.02611504544,55.2575589970501
42020,785.704355885079,1606.74947124233,837.423163240155,0.258572752548656,0.258572752548656,0.870305838739574,0.0154680259499537,0.0333549582947173,0.245208526413346,0.157914735866543,0.183503243744208,0.233725671918443,0.489110945904579,0.409352633343537,62776.0296570899,2524.81366421149,46.2294717330862
42100,591.560160427807,1795.71910895076,853.687191664761,0.252673796791444,0.252673796791444,0.795788770053476,0.00811497326203209,0.0439438502673797,0.283021390374332,0.135040106951872,0.144879679144385,0.287326203208556,0.739390316796175,0.174179675673997,66126.8970588235,6063.35108857143,60.8998663101604
42140,1036.56814159292,1635.05452370901,709.155997652014,0.27787610619469,0.27787610619469,0.850035398230089,0.0101946902654867,0.0109734513274336,0.429557522123894,0.0593274336283186,0.306902654867257,0.375734513274336,0.711047960355013,0.200632751910855,53237.5716814159,1962.67336507236,51.2734513274336
42200,835.866340668297,1625.90359641635,869.281470678934,0.28198859005705,0.28198859005705,0.742681336593317,0.0179462102689487,0.0470660146699267,0.44198859005705,0.159372453137734,0.154262428687857,0.217881010594947,0.598966893637004,0.31510303111618,63817.1320293399,5921.84086513039,55.3969845150774
42220,799.387134502924,1813.17924572687,795.334742953872,0.247953216374269,0.247953216374269,0.76272514619883,0.0138245614035088,0.0329941520467836,0.248491228070175,0.0789473684210526,0.181649122807018,0.260982456140351,0.693769972886604,0.222303903550687,69568.2771929825,2912.76232698009,42.4459649122807
42340,1424.65366972477,1293.21861484127,882.086306150327,0.430428134556575,0.430428134556575,0.625114678899083,0.299977064220183,0.0247859327217125,0.06717125382263,0.153998470948012,0.131750764525994,0.24302752293578,0.515807408803749,0.44708093829724,53173.9113149847,2269.28697313338,41.0494648318043
42540,633.726523887974,1640.88580579267,605.68114102723,0.254805052169138,0.254805052169138,0.88996705107084,0.0412685337726524,0.02054914881933,0.096562328390994,0.115628775398133,0.191482701812191,0.162981878088962,0.425873993441339,0.537559639961419,46004.823723229,3023.26024069116,41.60823723229
42660,834.257708145024,1677.26930045223,816.268427199333,0.272270764286432,0.272270764286432,0.68973385557899,0.0608235412272773,0.132525861203174,0.095811991563724,0.100387666967962,0.12751933313247,0.32301998593954,0.626278992865508,0.273849158445156,72379.5507683037,8249.36313597843,57.2548659234709
42680,1173.06833712984,1560.56960172461,758.018648794922,0.323462414578588,0.323462414578588,0.88756264236902,0.0651936218678816,0.0132346241457859,0.0996355353075171,0.062619589977221,0.32621867881549,0.221047835990888,0.359581027374364,0.601963624657975,46801.416856492,1686.04998262532,29.246013667426
42700,1570.37860082305,1417.86481196183,846.818329660546,0.411522633744856,0.411522633744856,0.800946502057613,0.10119341563786,0.0119753086419753,0.207818930041152,0.0718106995884774,0.321975308641975,0.130781893004115,0.324639760057378,0.642563734759079,35044.4032921811,1173.05588048657,17.1814814814815
43100,1413.11363636364,1620.3193651936,717.065265318023,0.318181818181818,0.318181818181818,0.885340909090909,0.0244602272727273,0.0486363636363636,0.0718465909090909,0.0878977272727273,0.166051136363636,0.159289772727273,0.384812672868997,0.544095214148018,53278.8039772727,2216.01724692464,38.1159090909091
43300,1354.43674698795,1072.77482296462,998.850763367821,0.533132530120482,0.533132530120482,0.84828313253012,0.0726807228915663,0.0147289156626506,0.122228915662651,0.0916867469879518,0.181265060240964,0.150361445783133,0.217247342669141,0.745001687194196,50417.906626506,841.148512508459,25.4063253012048
43340,1756.73172987974,1136.64324028579,950.631243149962,0.482886216466235,0.482886216466235,0.509537465309898,0.441054579093432,0.0130619796484736,0.0472062904717854,0.0902497687326549,0.146623496762257,0.154912118408881,0.421277262514887,0.546855022786992,42609.2349676226,1732.80697843988,30.9332099907493
43420,1529.21776504298,1436.03705848476,960.442747169987,0.39541547277937,0.39541547277937,0.836647564469914,0.0331232091690544,0.0179656160458453,0.384097421203438,0.0873925501432665,0.21269340974212,0.148853868194842,0.348980938856331,0.561633698021881,42696.9283667622,1219.73337653089,27.1057306590258
43580,1604.01333333333,1214.38967022869,976.875308393939,0.442222222222222,0.442222222222222,0.8262,0.0444222222222222,0.0287333333333333,0.181311111111111,0.0995777777777778,0.142644444444444,0.133711111111111,0.352652832041079,0.586434322579707,50168.7111111111,1532.77698237165,38.5491111111111
43620,1860.43238993711,1005.84246714795,1050.65137630503,0.498427672955975,0.498427672955975,0.850110062893082,0.052562893081761,0.0143867924528302,0.0525314465408805,0.115833333333333,0.134323899371069,0.173993710691824,0.371117787201965,0.558550130723413,50897.6305031447,2654.51889117742,42.8908805031447
43780,2091.41481481481,1232.07513391866,951.082097244352,0.444444444444444,0.444444444444444,0.788888888888889,0.130271604938272,0.0231234567901235,0.0747407407407407,0.101716049382716,0.163086419753086,0.184716049382716,0.342983228652957,0.374001007736357,47101.949382716,2123.67857157125,31.9162962962963
43900,1535.22510231924,1061.51434897129,968.273317897989,0.478854024556617,0.478854024556617,0.698294679399727,0.233083219645293,0.0256889495225102,0.0672032742155525,0.115034106412005,0.152905866302865,0.174583901773533,0.221737443175518,0.422868388956647,46527.2878581173,1078.93498599867,21.4485675306958
44060,1292.19600591716,1401.44769666552,944.316251261071,0.378698224852071,0.378698224852071,0.863949704142012,0.0245266272189349,0.0193565088757396,0.0615754437869823,0.123757396449704,0.156220414201183,0.168742603550296,0.385639177453788,0.493438773842987,41074.874260355,3169.54155761794,47.4345414201183
44100,1888.67621776504,1174.60220513803,964.703543072533,0.444126074498567,0.444126074498567,0.804484240687679,0.139856733524355,0.0190401146131805,0.0262607449856734,0.0892406876790831,0.169756446991404,0.236862464183381,0.410342319222924,0.513385491930912,55980.600286533,2124.42575615882,36.7408309455587
44140,1372.5016722408,1500.51006825679,759.457854202995,0.31055900621118,0.31055900621118,0.820960344003822,0.0678451982799809,0.0273339703774486,0.203659818442427,0.118160535117057,0.159851887243192,0.210281892021022,0.582150675320413,0.339868594827017,51974.2670807453,3366.04391383265,42.2482560917344
44180,1677.95266781411,1099.98608672447,986.330585032354,0.476764199655766,0.476764199655766,0.90933734939759,0.0272289156626506,0.0188898450946644,0.0340189328743546,0.166299483648881,0.162074010327022,0.180895008605852,0.294827396584899,0.64435756244167,41167.5559380379,2203.4418343057,35.2454388984509
44220,2048.82545454545,1207.5357437528,898.256475523136,0.490909090909091,0.490909090909091,0.832545454545455,0.105090909090909,0.00887272727272727,0.0294909090909091,0.0886909090909091,0.175672727272727,0.125890909090909,0.379755490077976,0.573100652786143,44360.6509090909,2198.6230563341,34.664
44300,1378.24590163934,1462.56121003235,712.903310599326,0.351288056206089,0.351288056206089,0.882435597189696,0.0358313817330211,0.0620374707259953,0.0294379391100703,0.443559718969555,0.104145199063232,0.213302107728337,0.479749569896646,0.456284683146416,45264.4590163934,13027.0547594939,56.6810304449649
44420,1785.23103448276,1178.84878878486,990.514316431179,0.5,0.5,0.835793103448276,0.0988965517241379,0.00817241379310345,0.0437586206896552,0.0939310344827586,0.191034482758621,0.209862068965517,0.381397164560232,0.553054200208363,47822.275862069,1337.92191384029,33.1551724137931
44700,1235.22995951417,1382.44760810892,1059.70148919229,0.391093117408907,0.391093117408907,0.596097165991903,0.0654493927125506,0.123587044534413,0.404890688259109,0.102939271255061,0.1222995951417,0.112493927125506,0.533581201927736,0.391785094404455,56753.0493927125,5086.29313197739,48.037975708502
44940,1609.98705501618,1204.38003801059,933.990537982529,0.482200647249191,0.482200647249191,0.431618122977346,0.512686084142395,0.0133656957928803,0.0525242718446602,0.120614886731392,0.166472491909385,0.124660194174757,0.336340848574571,0.275716494114594,36773.3624595469,766.385068231059,23.7226537216828
45060,1295.76532137519,1531.63687232971,697.26443657568,0.309915296462382,0.309915296462382,0.817194818136522,0.0936771300448431,0.0397010463378176,0.0407473841554559,0.132521175884405,0.150483308420528,0.220627802690583,0.497914046412506,0.442735666639822,51496.514200299,3019.87221670125,40.1790234180369
45220,1388.95756457565,1180.22266575671,920.269790708446,0.428966789667897,0.428966789667897,0.633025830258303,0.311226937269373,0.0236623616236162,0.0641143911439114,0.228182656826568,0.126457564575646,0.254446494464945,0.58310788116063,0.369244706880428,50839.9935424354,2480.3721540594,33.1986162361624
45300,1229.85690213869,1411.64618800166,871.749350556531,0.38898250162022,0.38898250162022,0.792145171743357,0.116959170447181,0.0318405703175632,0.188458846403111,0.0802203499675956,0.19850810110175,0.225944264419961,0.469431376658964,0.482606871236328,52109.0483473752,3662.71506676894,39.7167465975373
45460,1917.64476386037,1146.52527906937,999.595186333389,0.492813141683778,0.492813141683778,0.869383983572895,0.0634907597535934,0.0184599589322382,0.0249486652977413,0.15776180698152,0.148624229979466,0.118891170431212,0.341055187522271,0.598001317827339,40664.476386037,1438.06897626193,29.4503080082136
45500,1638.75240384615,1145.82553683714,996.75362595669,0.495192307692308,0.495192307692308,0.656081730769231,0.282908653846154,0.00831730769230769,0.0691346153846154,0.0867067307692308,0.160456730769231,0.125793269230769,0.226453059874956,0.62862329041919,42231.1778846154,1174.1323326322,24.0771634615385
45540,2249.13917525773,1130.67558340668,979.736465586673,0.505154639175258,0.505154639175258,0.861958762886598,0.106030927835052,0.00835051546391753,0.0373711340206186,0.0409278350515464,0.537164948453608,0.237474226804124,0.293094072865688,0.682695046479712,47758.0360824742,968.130554648053,9.27422680412371
45780,1538.86105799873,1271.47917057844,879.242425007729,0.411727214786488,0.411727214786488,0.831899298916507,0.0982345442957298,0.0173741236456342,0.0603505417463352,0.111688973868706,0.162549394518802,0.194098151688974,0.495012039317885,0.444860706739563,54259.34416826,2293.97690563478,32.3908221797323
45820,1638.76071428571,1158.21151676121,920.072172515095,0.457142857142857,0.457142857142857,0.823446428571429,0.079125,0.0111607142857143,0.107214285714286,0.0809285714285714,0.1705,0.17475,0.398628463600509,0.513749874118393,49042.1357142857,1685.11385908544,31.1067857142857
45940,377.448430493274,1660.05351862799,612.915025896533,0.255605381165919,0.255605381165919,0.670328849028401,0.147772795216741,0.129402092675635,0.157055306427504,0.100224215246637,0.153467862481315,0.333527653213752,0.662939903572378,0.292275666578085,92482.4932735426,4605.05593291747,43.8243647234679
46060,1436.76429199648,1232.82379424404,996.291560034436,0.435356200527704,0.435356200527704,0.772840809146878,0.0368513632365875,0.0333201407211961,0.345787159190853,0.155751978891821,0.177620932277924,0.224089709762533,0.532826581918224,0.397087562849824,46302.8482849604,3652.52011780193,41.6510114335972
46140,1728.3097199341,1050.24907184277,975.850323164213,0.518533772652389,0.518533772652389,0.713389621087315,0.0814332784184514,0.0250535420098847,0.102018121911038,0.0962891268533773,0.144559308072488,0.1882784184514,0.326168663595802,0.616357100537434,52462.4740527183,2315.96200712185,34.6039126853377
46220,1772.03938356164,1024.1024082506,997.343719125912,0.522260273972603,0.522260273972603,0.605256849315069,0.350239726027397,0.0155479452054795,0.0262671232876712,0.241969178082192,0.144212328767123,0.16958904109589,0.258229208888805,0.354911786727712,43361.6352739726,1643.05692533208,28.173801369863
46300,1622.22635135135,1146.74138916063,1091.23205863912,0.472972972972973,0.472972972972973,0.929459459459459,0.00574324324324324,0.0154391891891892,0.195743243243243,0.108277027027027,0.142635135135135,0.109155405405405,0.206453513259066,0.668213333090851,45557.1182432432,1941.79760497502,36.0918918918919
46340,1784.76315789474,986.91791527319,991.055356594686,0.534539473684211,0.534539473684211,0.761546052631579,0.179802631578947,0.0154111842105263,0.182335526315789,0.0971052631578947,0.159457236842105,0.185625,0.263070970177425,0.695191581728954,54401.4276315789,1644.82387616816,27.5320723684211
46540,1147.62966915688,1537.99666255334,778.941779634656,0.307363927427962,0.307363927427962,0.8791462113127,0.0576520811099253,0.0232123799359658,0.0509498399146211,0.0877801494130203,0.193276414087513,0.159797225186766,0.358955462772468,0.584290370985643,47231.9829242263,2094.00590048751,36.4129135538954
46660,1904.11194029851,972.624091818325,1016.4466349621,0.537313432835821,0.537313432835821,0.540746268656716,0.408233830845771,0.0195024875621891,0.0507213930348259,0.207686567164179,0.120273631840796,0.148208955223881,0.393284394134474,0.578263942899958,37628.2462686567,1577.65170795922,24.0716417910448
46700,718.572107765452,1364.43604160736,999.722215466625,0.372424722662441,0.372424722662441,0.588621236133122,0.116244057052298,0.115974643423138,0.272044374009509,0.0954199683042789,0.158415213946117,0.17,0.608810986671108,0.308806823250917,66441.9524564184,4352.0188116477,40.4007923930269
47020,2165.17937219731,1107.75513723387,1048.50736270194,0.484304932735426,0.484304932735426,0.852421524663677,0.0595067264573991,0.0103139013452915,0.472825112107623,0.0981614349775785,0.156636771300448,0.128206278026906,0.282351313529215,0.686156795045105,57258.1210762332,2258.00883528285,32.37533632287
47220,893.952830188679,1505.3927260443,701.840805491869,0.306603773584906,0.306603773584906,0.666367924528302,0.175448113207547,0.0126415094339623,0.364316037735849,0.0906132075471698,0.133349056603774,0.0852594339622642,0.511361125432717,0.450265154305075,45000.2099056604,2729.00778621689,34.8797169811321
47260,1317.86600221484,1315.93427969885,933.260892578236,0.428848283499446,0.428848283499446,0.638950719822813,0.267477851605759,0.0358222591362126,0.0623698781838317,0.11203211517165,0.151478405315615,0.233219822812846,0.505284492025553,0.435564054728718,64367.1608527132,3180.46105763618,32.3442414174972
47300,1338.02911392405,1280.03185583146,1095.52449692084,0.413924050632911,0.413924050632911,0.79220253164557,0.0157594936708861,0.0288860759493671,0.59326582278481,0.102253164556962,0.122987341772152,0.0890253164556962,0.415604038569033,0.509179359977641,44460.3329113924,3174.96761311816,38.5535443037975
47380,1525.6539050536,1090.95667859269,968.636680264665,0.490045941807044,0.490045941807045,0.729356814701378,0.174104134762634,0.0143797856049005,0.281408882082695,0.16906584992343,0.126508422664625,0.123813169984686,0.341197938915696,0.61253009178383,42875.3078101072,2080.6666667241,36.9183767228178
47460,1214.65789473684,1780.43099524702,787.517535506785,0.282894736842105,0.282894736842105,0.836578947368421,0.00703947368421053,0.0179605263157895,0.2775,0.163815789473684,0.170723684210526,0.153684210526316,0.369240182019808,0.520744904592559,44315.8355263158,3034.52148618997,50.8276315789474
47580,1932.76179775281,929.506743464402,1007.28260342897,0.593258426966292,0.593258426966292,0.584741573033708,0.323977528089888,0.0275505617977528,0.0725168539325843,0.101887640449438,0.125595505617978,0.152337078651685,0.388729469180453,0.578089960736756,49265.9191011236,1383.87641655415,18.9916853932584
47900,1072.77282682577,1431.25168336181,836.502451445327,0.360546786496488,0.360546786496488,0.575143116078846,0.234908239558946,0.0963477078770486,0.147263046597689,0.101474964126577,0.118121743070765,0.395677063665886,0.72031180267081,0.223011162540423,95635.1533116834,8323.10446208026,54.4779925987463
47940,1552.97457627119,1187.98753836995,973.042250076818,0.470338983050847,0.470338983050848,0.859343220338983,0.0821186440677966,0.0172033898305085,0.0360805084745763,0.14625,0.162966101694915,0.181864406779661,0.467974570946024,0.459382730169147,49829.2372881356,1972.66959232474,38.5716101694915
48060,1727.5274151436,1437.56078670582,764.528685565174,0.357702349869452,0.357702349869452,0.862375979112271,0.0614099216710183,0.0162924281984334,0.0618276762402089,0.112062663185379,0.134151436031332,0.138825065274151,0.364748144430651,0.574843498243482,49807.911227154,1270.66496253757,27.8838120104439
48140,1668.00411522634,1564.35244932583,677.506811707431,0.292181069958848,0.292181069958848,0.897860082304527,0.00882716049382716,0.0574691358024691,0.027037037037037,0.0874279835390947,0.165061728395062,0.14798353909465,0.377710990647631,0.563229114300941,52641.4670781893,1251.04343079207,28.3104938271605
48260,1197.3452685422,1623.0182550283,664.26765546086,0.304347826086957,0.304347826086956,0.924578005115089,0.0460869565217391,0.00332480818414322,0.0149616368286445,0.0936061381074169,0.209462915601023,0.11920716112532,0.277403123942452,0.679525362062535,42369.5063938619,1191.37647191807,26.4084398976982
48300,954.467005076142,1728.97744374292,764.49779124534,0.243654822335025,0.243654822335025,0.870685279187817,0.000761421319796954,0.00850253807106599,0.262106598984772,0.0770558375634518,0.189771573604061,0.171954314720812,0.36650459346094,0.539224575873402,50504.6979695431,1854.05939388183,31.7593908629442
48540,1637.11648351648,1272.2395549349,838.698917373965,0.4,0.4,0.936747252747253,0.0407252747252747,0.00430769230769231,0.0101978021978022,0.0768791208791209,0.211384615384615,0.149692307692308,0.280864811001784,0.663865462318657,43334.4131868132,1147.6482638831,32.2384615384615
48620,1749.5302214243,1131.54693526509,1026.94237153143,0.484739676840215,0.484739676840215,0.802585278276481,0.0893177737881508,0.0364093357271095,0.134967085577499,0.105493716337522,0.140682226211849,0.197348892878516,0.347334205336748,0.562907906230697,54085.2351885099,2446.59148072446,37.4837821663674
48660,2060.95336787565,934.021619259918,1094.824065952,0.531088082901554,0.531088082901554,0.764870466321244,0.103989637305699,0.0200259067357513,0.184559585492228,0.132823834196891,0.163445595854922,0.151269430051813,0.222175473632486,0.734207719093123,42146.8264248705,1709.42132198447,34.430310880829
48700,1164.76149425287,1660.94074555076,591.19541373089,0.258620689655172,0.258620689655173,0.893936781609195,0.0567241379310345,0.00442528735632184,0.0129885057471264,0.109252873563218,0.16367816091954,0.136206896551724,0.254640042244431,0.696778862138429,45609.7068965517,2556.21132259141,42.4224137931035
48900,1168.98796389168,1431.41601248896,745.554240516327,0.358074222668004,0.358074222668004,0.807743229689067,0.129789368104313,0.0105015045135406,0.0638816449348044,0.145636910732197,0.16283851554664,0.271785356068205,0.437606276699764,0.51518621725685,51896.5777331996,1884.28500758324,31.641223671013
49020,1993.90616621984,1259.40654684667,1056.180750741,0.482573726541555,0.482573726541555,0.851447721179625,0.0775871313672922,0.0170777479892761,0.153914209115282,0.100187667560322,0.157265415549598,0.185898123324397,0.394500657460544,0.542821822722325,56058.9115281501,2159.23819451804,33.2008042895442
49180,1672.11843711844,1221.32512956906,911.070486970398,0.452991452991453,0.452991452991453,0.742393162393162,0.186642246642247,0.0236874236874237,0.10496336996337,0.104468864468864,0.167802197802198,0.204102564102564,0.413081039388468,0.546572770530541,47566.9358974359,1394.89032072204,23.3108058608059
49340,1308.108203125,1493.08886232702,755.984189069325,0.323828125,0.323828125,0.8268984375,0.0543203125,0.0465859375,0.13842578125,0.09817578125,0.144484375,0.2189921875,0.499946387623744,0.416743973684747,66091.8046875,3312.5294137762,36.801015625
49420,1632.50176678445,1439.76072696783,1034.25124681309,0.386925795053004,0.386925795053004,0.775070671378092,0.01,0.00627208480565371,0.508710247349823,0.10743816254417,0.121802120141343,0.0857067137809187,0.392481278458624,0.523312552526938,43817.1784452297,2534.08946372366,42.871554770318
49620,1149.61381074169,1431.68540023147,770.025550371109,0.335038363171355,0.335038363171356,0.869462915601023,0.0687084398976982,0.0190153452685422,0.0792838874680307,0.0842199488491049,0.179936061381074,0.168887468030691,0.329396382235169,0.617836936196396,59260.1023017903,2589.9434469393,32.9191815856777
49660,1843.65745454545,1267.07789817232,866.302877429703,0.416727272727273,0.416727272727273,0.857963636363636,0.10384,0.00849454545454545,0.0309163636363636,0.0897963636363636,0.206690909090909,0.167541818181818,0.452250440894566,0.507582133900352,48361.0705454545,1496.41272510753,24.4761454545455
49700,1500.04923076923,1213.95781885843,1199.476721201,0.433846153846154,0.433846153846154,0.732307692307692,0.0292307692307692,0.0920923076923077,0.327876923076923,0.101507692307692,0.130369230769231,0.0903692307692308,0.370137439194658,0.548243585706115,44391.1292307692,2969.94519992603,47.2821538461538
49740,1912.44179104478,1087.6915902281,1165.05191411013,0.53134328358209,0.53134328358209,0.70734328358209,0.0259402985074627,0.0131044776119403,0.597820895522388,0.114059701492537,0.199641791044776,0.0928955223880597,0.46415770609319,0.474721750613092,41686.2805970149,2909.67998973392,33.3483582089552
